id_usager,prenom,nom,email,id_adresse,est_actif,date_creation
1,Liam,Lefevre,liam.lefevre.1@example.com,94,1,2025-01-10T15:12:32Z
2,Adam,Bonnet,adam.bonnet.2@example.com,66,1,2025-02-04T15:12:32Z
3,Olivia,Petit,olivia.petit.3@example.com,120,1,2025-08-31T15:12:32Z
4,Jordan,Lambert,jordan.lambert.4@example.com,102,1,2024-12-27T15:12:32Z
5,Mila,Dubois,mila.dubois.5@example.com,4,1,2025-05-26T15:12:32Z
6,Nina,Durand,nina.durand.6@example.com,95,1,2025-05-27T15:12:32Z
7,Hugo,Lopez,hugo.lopez.7@example.com,96,1,2025-08-14T15:12:32Z
8,Emma,Mercier,emma.mercier.8@example.com,144,1,2025-04-24T15:12:32Z
9,Kenza,Lambert,kenza.lambert.9@example.com,17,1,2024-11-17T15:12:32Z
10,Yara,Rousseau,yara.rousseau.10@example.com,105,1,2025-08-10T15:12:32Z
11,Jordan,Bernard,jordan.bernard.11@example.com,78,1,2025-01-29T15:12:32Z
12,Taylor,Durand,taylor.durand.12@example.com,138,1,2025-07-31T15:12:32Z
13,Zoe,Renard,zoe.renard.13@example.com,139,1,2025-03-08T15:12:32Z
14,Hugo,Lefevre,hugo.lefevre.14@example.com,26,1,2025-01-31T15:12:32Z
15,Kenza,Lemoine,kenza.lemoine.15@example.com,9,1,2025-04-02T15:12:32Z
16,Liam,Renard,liam.renard.16@example.com,61,1,2025-04-06T15:12:32Z
17,Taylor,Garcia,taylor.garcia.17@example.com,92,1,2025-09-07T15:12:32Z
18,Zoe,Bonnet,zoe.bonnet.18@example.com,32,1,2025-02-18T15:12:32Z
19,Chris,Fournier,chris.fournier.19@example.com,6,1,2025-09-13T15:12:32Z
20,Leo,Lambert,leo.lambert.20@example.com,145,1,2025-06-25T15:12:32Z
21,Chris,Boyer,chris.boyer.21@example.com,56,1,2025-06-11T15:12:32Z
22,Leo,Lefevre,leo.lefevre.22@example.com,1,1,2025-05-20T15:12:32Z
23,Jordan,Lefevre,jordan.lefevre.23@example.com,65,1,2025-07-11T15:12:32Z
24,Taylor,Martin,taylor.martin.24@example.com,4,1,2025-04-08T15:12:32Z
25,Emma,Petit,emma.petit.25@example.com,45,1,2025-05-26T15:12:32Z
26,Sam,Lefevre,sam.lefevre.26@example.com,108,1,2025-01-12T15:12:32Z
27,Taylor,Dubois,taylor.dubois.27@example.com,115,1,2025-04-06T15:12:32Z
28,Adam,Durand,adam.durand.28@example.com,129,1,2025-06-17T15:12:32Z
29,Kenza,Bernard,kenza.bernard.29@example.com,134,1,2025-05-07T15:12:32Z
30,Yara,Martin,yara.martin.30@example.com,123,1,2025-03-17T15:12:32Z
31,Ethan,Durand,ethan.durand.31@example.com,114,1,2025-09-01T15:12:32Z
32,Chris,Petit,chris.petit.32@example.com,38,1,2025-09-05T15:12:32Z
33,Jordan,Bonnet,jordan.bonnet.33@example.com,150,1,2025-01-01T15:12:32Z
34,Leo,Lopez,leo.lopez.34@example.com,136,1,2025-05-11T15:12:32Z
35,Yara,Muller,yara.muller.35@example.com,111,1,2025-08-19T15:12:32Z
36,Taylor,Boyer,taylor.boyer.36@example.com,56,1,2025-03-02T15:12:32Z
37,Yara,Lambert,yara.lambert.37@example.com,87,1,2025-02-18T15:12:32Z
38,Zoe,Lemoine,zoe.lemoine.38@example.com,25,1,2025-05-01T15:12:32Z
39,Ethan,Petit,ethan.petit.39@example.com,66,1,2025-03-31T15:12:32Z
40,Jordan,Mercier,jordan.mercier.40@example.com,24,1,2025-08-26T15:12:32Z
41,Chris,Lemoine,chris.lemoine.41@example.com,96,1,2025-08-03T15:12:32Z
42,Nina,Bernard,nina.bernard.42@example.com,144,1,2024-12-25T15:12:32Z
43,Leo,Durand,leo.durand.43@example.com,91,1,2025-03-06T15:12:32Z
44,Sam,Rousseau,sam.rousseau.44@example.com,80,1,2025-04-11T15:12:32Z
45,Taylor,Muller,taylor.muller.45@example.com,40,1,2025-02-04T15:12:32Z
46,Emma,Durand,emma.durand.46@example.com,143,1,2025-04-03T15:12:32Z
47,Taylor,Bonnet,taylor.bonnet.47@example.com,58,1,2025-03-03T15:12:32Z
48,Nina,Boyer,nina.boyer.48@example.com,69,1,2025-09-24T15:12:32Z
49,Maya,Bonnet,maya.bonnet.49@example.com,80,1,2025-04-18T15:12:32Z
50,Mila,Martin,mila.martin.50@example.com,37,1,2024-12-23T15:12:32Z
51,Zoe,Dubois,zoe.dubois.51@example.com,8,1,2025-08-23T15:12:32Z
52,Adam,Fournier,adam.fournier.52@example.com,108,1,2025-02-18T15:12:32Z
53,Leo,Moreau,leo.moreau.53@example.com,80,1,2025-04-25T15:12:32Z
54,Hugo,Dubois,hugo.dubois.54@example.com,40,1,2025-07-20T15:12:32Z
55,Kenza,Bernard,kenza.bernard.55@example.com,21,1,2025-05-22T15:12:32Z
56,Yara,Lemoine,yara.lemoine.56@example.com,114,1,2025-03-10T15:12:32Z
57,Noah,Fournier,noah.fournier.57@example.com,30,1,2025-04-15T15:12:32Z
58,Ethan,Durand,ethan.durand.58@example.com,125,1,2025-01-12T15:12:32Z
59,Olivia,Bernard,olivia.bernard.59@example.com,102,1,2024-12-06T15:12:32Z
60,Sam,Martin,sam.martin.60@example.com,78,1,2025-06-22T15:12:32Z
61,Jordan,Bonnet,jordan.bonnet.61@example.com,84,1,2025-08-08T15:12:32Z
62,Alex,Mercier,alex.mercier.62@example.com,111,1,2025-07-11T15:12:32Z
63,Jordan,Lopez,jordan.lopez.63@example.com,59,1,2025-01-25T15:12:32Z
64,Nina,Garcia,nina.garcia.64@example.com,102,1,2025-09-17T15:12:32Z
65,Ethan,Martin,ethan.martin.65@example.com,20,1,2025-05-01T15:12:32Z
66,Hugo,Lemoine,hugo.lemoine.66@example.com,104,1,2024-11-15T15:12:32Z
67,Ethan,Rousseau,ethan.rousseau.67@example.com,104,1,2025-09-28T15:12:32Z
68,Leo,Moreau,leo.moreau.68@example.com,118,1,2025-04-06T15:12:32Z
69,Chris,Lemoine,chris.lemoine.69@example.com,63,1,2025-02-27T15:12:32Z
70,Hugo,Lopez,hugo.lopez.70@example.com,21,1,2025-03-20T15:12:32Z
71,Olivia,Petit,olivia.petit.71@example.com,86,1,2025-07-14T15:12:32Z
72,Chris,Muller,chris.muller.72@example.com,30,1,2025-01-10T15:12:32Z
73,Adam,Fournier,adam.fournier.73@example.com,90,1,2024-11-12T15:12:32Z
74,Jordan,Lambert,jordan.lambert.74@example.com,38,1,2025-05-30T15:12:32Z
75,Liam,Moreau,liam.moreau.75@example.com,40,1,2024-11-07T15:12:32Z
76,Chris,Moreau,chris.moreau.76@example.com,127,1,2025-02-13T15:12:32Z
77,Hugo,Renard,hugo.renard.77@example.com,145,1,2024-11-13T15:12:32Z
78,Kenza,Petit,kenza.petit.78@example.com,81,1,2025-07-23T15:12:32Z
79,Yara,Dubois,yara.dubois.79@example.com,114,1,2024-11-19T15:12:32Z
80,Olivia,Bonnet,olivia.bonnet.80@example.com,15,1,2025-04-11T15:12:32Z
81,Adam,Dubois,adam.dubois.81@example.com,119,1,2025-02-19T15:12:32Z
82,Sam,Bernard,sam.bernard.82@example.com,74,1,2025-08-30T15:12:32Z
83,Chris,Muller,chris.muller.83@example.com,119,1,2024-12-15T15:12:32Z
84,Nina,Bernard,nina.bernard.84@example.com,147,1,2024-11-09T15:12:32Z
85,Liam,Petit,liam.petit.85@example.com,122,1,2025-01-25T15:12:32Z
86,Jordan,Bernard,jordan.bernard.86@example.com,27,1,2025-04-16T15:12:32Z
87,Chris,Muller,chris.muller.87@example.com,45,1,2025-09-18T15:12:32Z
88,Emma,Renard,emma.renard.88@example.com,135,1,2025-01-14T15:12:32Z
89,Kenza,Moreau,kenza.moreau.89@example.com,96,1,2025-05-17T15:12:32Z
90,Zoe,Lemoine,zoe.lemoine.90@example.com,14,1,2024-11-19T15:12:32Z
91,Leo,Dubois,leo.dubois.91@example.com,25,1,2024-12-27T15:12:32Z
92,Zoe,Rousseau,zoe.rousseau.92@example.com,39,1,2025-04-21T15:12:32Z
93,Chris,Lefevre,chris.lefevre.93@example.com,80,1,2024-11-07T15:12:32Z
94,Zoe,Lefevre,zoe.lefevre.94@example.com,22,1,2025-05-03T15:12:32Z
95,Nina,Lopez,nina.lopez.95@example.com,85,1,2025-08-04T15:12:32Z
96,Adam,Dubois,adam.dubois.96@example.com,109,1,2025-01-21T15:12:32Z
97,Mila,Martin,mila.martin.97@example.com,80,1,2025-07-08T15:12:32Z
98,Liam,Petit,liam.petit.98@example.com,50,1,2025-06-15T15:12:32Z
99,Jordan,Lefevre,jordan.lefevre.99@example.com,76,1,2025-08-18T15:12:32Z
100,Adam,Boyer,adam.boyer.100@example.com,135,1,2025-09-19T15:12:32Z
101,Leo,Lefevre,leo.lefevre.101@example.com,97,1,2025-07-22T15:12:32Z
102,Maya,Moreau,maya.moreau.102@example.com,43,1,2025-02-26T15:12:32Z
103,Sam,Lemoine,sam.lemoine.103@example.com,61,1,2025-02-23T15:12:32Z
104,Kenza,Rousseau,kenza.rousseau.104@example.com,115,1,2025-06-11T15:12:32Z
105,Nina,Lambert,nina.lambert.105@example.com,121,1,2025-07-01T15:12:32Z
106,Mila,Renard,mila.renard.106@example.com,73,1,2025-03-27T15:12:32Z
107,Adam,Muller,adam.muller.107@example.com,42,1,2025-06-28T15:12:32Z
108,Kenza,Lefevre,kenza.lefevre.108@example.com,14,1,2024-11-14T15:12:32Z
109,Sofia,Garcia,sofia.garcia.109@example.com,27,1,2025-01-17T15:12:32Z
110,Taylor,Rousseau,taylor.rousseau.110@example.com,42,1,2025-05-22T15:12:32Z
111,Yara,Muller,yara.muller.111@example.com,112,1,2025-08-23T15:12:32Z
112,Emma,Renard,emma.renard.112@example.com,7,1,2025-03-10T15:12:32Z
113,Sam,Lopez,sam.lopez.113@example.com,96,1,2025-06-10T15:12:32Z
114,Zoe,Dubois,zoe.dubois.114@example.com,58,1,2025-09-24T15:12:32Z
115,Leo,Durand,leo.durand.115@example.com,86,1,2025-07-26T15:12:32Z
116,Jordan,Bernard,jordan.bernard.116@example.com,121,1,2025-07-29T15:12:32Z
117,Sofia,Renard,sofia.renard.117@example.com,2,1,2025-08-29T15:12:32Z
118,Alex,Bonnet,alex.bonnet.118@example.com,39,1,2025-01-01T15:12:32Z
119,Kenza,Muller,kenza.muller.119@example.com,29,1,2025-05-14T15:12:32Z
120,Emma,Rousseau,emma.rousseau.120@example.com,13,1,2025-06-08T15:12:32Z
121,Ethan,Renard,ethan.renard.121@example.com,29,1,2025-01-26T15:12:32Z
122,Kenza,Boyer,kenza.boyer.122@example.com,132,1,2024-12-18T15:12:32Z
123,Emma,Lefevre,emma.lefevre.123@example.com,110,1,2025-10-08T15:12:32Z
124,Kenza,Garcia,kenza.garcia.124@example.com,147,1,2025-03-09T15:12:32Z
125,Maya,Dubois,maya.dubois.125@example.com,93,1,2025-09-04T15:12:32Z
126,Adam,Boyer,adam.boyer.126@example.com,130,1,2024-12-29T15:12:32Z
127,Alex,Lopez,alex.lopez.127@example.com,12,1,2024-11-17T15:12:32Z
128,Zoe,Garcia,zoe.garcia.128@example.com,5,1,2025-04-09T15:12:32Z
129,Chris,Garcia,chris.garcia.129@example.com,27,1,2024-12-15T15:12:32Z
130,Leo,Lefevre,leo.lefevre.130@example.com,91,1,2025-01-02T15:12:32Z
131,Leo,Moreau,leo.moreau.131@example.com,119,1,2025-02-05T15:12:32Z
132,Maya,Lefevre,maya.lefevre.132@example.com,118,1,2025-09-20T15:12:32Z
133,Olivia,Fournier,olivia.fournier.133@example.com,52,1,2025-09-17T15:12:32Z
134,Leo,Rousseau,leo.rousseau.134@example.com,102,1,2025-01-03T15:12:32Z
135,Sofia,Bonnet,sofia.bonnet.135@example.com,49,1,2025-05-15T15:12:32Z
136,Mila,Bernard,mila.bernard.136@example.com,85,1,2025-05-22T15:12:32Z
137,Taylor,Garcia,taylor.garcia.137@example.com,103,1,2025-02-25T15:12:32Z
138,Zoe,Petit,zoe.petit.138@example.com,128,1,2025-01-27T15:12:32Z
139,Mila,Muller,mila.muller.139@example.com,22,1,2025-03-05T15:12:32Z
140,Chris,Lemoine,chris.lemoine.140@example.com,47,1,2025-01-02T15:12:32Z
141,Olivia,Petit,olivia.petit.141@example.com,21,1,2025-04-24T15:12:32Z
142,Olivia,Rousseau,olivia.rousseau.142@example.com,110,1,2025-07-15T15:12:32Z
143,Yara,Garcia,yara.garcia.143@example.com,11,1,2025-04-11T15:12:32Z
144,Kenza,Lemoine,kenza.lemoine.144@example.com,15,1,2025-08-31T15:12:32Z
145,Zoe,Garcia,zoe.garcia.145@example.com,41,1,2025-09-23T15:12:32Z
146,Jordan,Renard,jordan.renard.146@example.com,33,1,2025-09-04T15:12:32Z
147,Emma,Garcia,emma.garcia.147@example.com,99,1,2024-12-22T15:12:32Z
148,Sam,Lefevre,sam.lefevre.148@example.com,116,1,2025-04-02T15:12:32Z
149,Mila,Renard,mila.renard.149@example.com,147,1,2025-07-30T15:12:32Z
150,Adam,Garcia,adam.garcia.150@example.com,81,1,2024-11-10T15:12:32Z
151,Noah,Lambert,noah.lambert.151@example.com,7,1,2025-07-05T15:12:32Z
152,Sofia,Muller,sofia.muller.152@example.com,144,1,2025-08-09T15:12:32Z
153,Noah,Bonnet,noah.bonnet.153@example.com,115,1,2025-06-21T15:12:32Z
154,Kenza,Rousseau,kenza.rousseau.154@example.com,126,1,2025-06-28T15:12:32Z
155,Taylor,Lefevre,taylor.lefevre.155@example.com,116,1,2025-07-12T15:12:32Z
156,Yara,Dubois,yara.dubois.156@example.com,82,1,2025-04-14T15:12:32Z
157,Chris,Boyer,chris.boyer.157@example.com,75,1,2025-05-08T15:12:32Z
158,Maya,Moreau,maya.moreau.158@example.com,131,1,2025-06-16T15:12:32Z
159,Taylor,Fournier,taylor.fournier.159@example.com,61,1,2025-01-29T15:12:32Z
160,Alex,Garcia,alex.garcia.160@example.com,147,1,2025-04-03T15:12:32Z
161,Yara,Boyer,yara.boyer.161@example.com,23,1,2025-09-05T15:12:32Z
162,Olivia,Lopez,olivia.lopez.162@example.com,123,1,2025-01-12T15:12:32Z
163,Ethan,Lemoine,ethan.lemoine.163@example.com,19,1,2025-08-05T15:12:32Z
164,Leo,Dubois,leo.dubois.164@example.com,120,1,2025-01-17T15:12:32Z
165,Mila,Lefevre,mila.lefevre.165@example.com,47,1,2025-08-03T15:12:32Z
166,Ethan,Muller,ethan.muller.166@example.com,32,1,2025-01-16T15:12:32Z
167,Jordan,Rousseau,jordan.rousseau.167@example.com,42,1,2025-04-26T15:12:32Z
168,Emma,Garcia,emma.garcia.168@example.com,73,1,2025-08-29T15:12:32Z
169,Noah,Fournier,noah.fournier.169@example.com,142,1,2025-05-21T15:12:32Z
170,Jordan,Rousseau,jordan.rousseau.170@example.com,137,1,2025-08-22T15:12:32Z
171,Adam,Moreau,adam.moreau.171@example.com,149,1,2025-07-22T15:12:32Z
172,Maya,Petit,maya.petit.172@example.com,11,1,2025-09-24T15:12:32Z
173,Chris,Bernard,chris.bernard.173@example.com,148,1,2025-05-26T15:12:32Z
174,Liam,Lemoine,liam.lemoine.174@example.com,8,1,2025-01-27T15:12:32Z
175,Nina,Rousseau,nina.rousseau.175@example.com,78,1,2025-02-03T15:12:32Z
176,Emma,Lopez,emma.lopez.176@example.com,117,1,2025-09-01T15:12:32Z
177,Sam,Moreau,sam.moreau.177@example.com,107,1,2025-02-03T15:12:32Z
178,Yara,Fournier,yara.fournier.178@example.com,37,1,2025-05-01T15:12:32Z
179,Leo,Garcia,leo.garcia.179@example.com,34,1,2025-04-02T15:12:32Z
180,Adam,Boyer,adam.boyer.180@example.com,82,1,2025-06-07T15:12:32Z
181,Yara,Durand,yara.durand.181@example.com,116,1,2025-06-04T15:12:32Z
182,Jordan,Durand,jordan.durand.182@example.com,75,1,2025-03-26T15:12:32Z
183,Kenza,Lemoine,kenza.lemoine.183@example.com,41,1,2025-04-24T15:12:32Z
184,Hugo,Petit,hugo.petit.184@example.com,41,1,2025-01-26T15:12:32Z
185,Adam,Renard,adam.renard.185@example.com,79,1,2025-01-27T15:12:32Z
186,Alex,Dubois,alex.dubois.186@example.com,130,1,2025-02-16T15:12:32Z
187,Emma,Fournier,emma.fournier.187@example.com,91,1,2025-09-14T15:12:32Z
188,Sam,Rousseau,sam.rousseau.188@example.com,121,1,2025-05-15T15:12:32Z
189,Nina,Martin,nina.martin.189@example.com,111,1,2025-08-01T15:12:32Z
190,Noah,Garcia,noah.garcia.190@example.com,94,1,2025-09-15T15:12:32Z
191,Zoe,Bernard,zoe.bernard.191@example.com,144,1,2025-07-01T15:12:32Z
192,Mila,Boyer,mila.boyer.192@example.com,19,1,2025-03-25T15:12:32Z
193,Adam,Renard,adam.renard.193@example.com,72,1,2024-11-23T15:12:32Z
194,Kenza,Durand,kenza.durand.194@example.com,25,1,2025-03-21T15:12:32Z
195,Mila,Petit,mila.petit.195@example.com,94,1,2025-07-27T15:12:32Z
196,Liam,Muller,liam.muller.196@example.com,129,1,2025-09-18T15:12:32Z
197,Sam,Bernard,sam.bernard.197@example.com,86,1,2025-02-08T15:12:32Z
198,Adam,Renard,adam.renard.198@example.com,132,1,2025-07-29T15:12:32Z
199,Leo,Petit,leo.petit.199@example.com,101,1,2024-11-27T15:12:32Z
200,Olivia,Petit,olivia.petit.200@example.com,131,1,2025-01-09T15:12:32Z
201,Sofia,Rousseau,sofia.rousseau.201@example.com,5,1,2025-04-03T15:12:32Z
202,Leo,Durand,leo.durand.202@example.com,150,1,2025-05-04T15:12:32Z
203,Alex,Mercier,alex.mercier.203@example.com,149,1,2024-12-17T15:12:32Z
204,Emma,Bernard,emma.bernard.204@example.com,123,1,2025-07-13T15:12:32Z
205,Adam,Lopez,adam.lopez.205@example.com,63,1,2025-09-22T15:12:32Z
206,Hugo,Durand,hugo.durand.206@example.com,5,1,2025-02-25T15:12:32Z
207,Leo,Lemoine,leo.lemoine.207@example.com,106,1,2025-06-26T15:12:32Z
208,Ethan,Muller,ethan.muller.208@example.com,121,1,2025-09-07T15:12:32Z
209,Jordan,Muller,jordan.muller.209@example.com,144,1,2025-04-25T15:12:32Z
210,Sofia,Muller,sofia.muller.210@example.com,81,1,2025-07-12T15:12:32Z
211,Yara,Boyer,yara.boyer.211@example.com,140,1,2025-04-10T15:12:32Z
212,Noah,Mercier,noah.mercier.212@example.com,64,1,2025-05-19T15:12:32Z
213,Nina,Rousseau,nina.rousseau.213@example.com,77,1,2025-05-14T15:12:32Z
214,Liam,Mercier,liam.mercier.214@example.com,123,1,2025-04-13T15:12:32Z
215,Nina,Bonnet,nina.bonnet.215@example.com,32,1,2024-12-19T15:12:32Z
216,Nina,Lopez,nina.lopez.216@example.com,89,1,2025-07-26T15:12:32Z
217,Olivia,Bernard,olivia.bernard.217@example.com,21,1,2025-04-14T15:12:32Z
218,Yara,Bonnet,yara.bonnet.218@example.com,123,1,2025-06-21T15:12:32Z
219,Liam,Boyer,liam.boyer.219@example.com,144,1,2025-05-22T15:12:32Z
220,Jordan,Durand,jordan.durand.220@example.com,62,1,2025-06-06T15:12:32Z
221,Sam,Muller,sam.muller.221@example.com,60,1,2025-09-12T15:12:32Z
222,Taylor,Lemoine,taylor.lemoine.222@example.com,121,1,2025-08-18T15:12:32Z
223,Jordan,Martin,jordan.martin.223@example.com,41,1,2025-03-14T15:12:32Z
224,Sofia,Mercier,sofia.mercier.224@example.com,52,1,2025-05-14T15:12:32Z
225,Leo,Rousseau,leo.rousseau.225@example.com,16,1,2025-08-24T15:12:32Z
226,Hugo,Lambert,hugo.lambert.226@example.com,10,1,2025-07-11T15:12:32Z
227,Ethan,Moreau,ethan.moreau.227@example.com,102,1,2025-01-28T15:12:32Z
228,Maya,Rousseau,maya.rousseau.228@example.com,3,1,2025-05-09T15:12:32Z
229,Hugo,Durand,hugo.durand.229@example.com,73,1,2025-02-18T15:12:32Z
230,Nina,Muller,nina.muller.230@example.com,35,1,2025-01-23T15:12:32Z
231,Yara,Bonnet,yara.bonnet.231@example.com,29,1,2025-04-22T15:12:32Z
232,Maya,Renard,maya.renard.232@example.com,66,1,2025-07-05T15:12:32Z
233,Alex,Petit,alex.petit.233@example.com,146,1,2025-07-02T15:12:32Z
234,Maya,Lopez,maya.lopez.234@example.com,132,1,2025-04-24T15:12:32Z
235,Chris,Lopez,chris.lopez.235@example.com,25,1,2025-07-06T15:12:32Z
236,Jordan,Mercier,jordan.mercier.236@example.com,64,1,2025-10-05T15:12:32Z
237,Noah,Lopez,noah.lopez.237@example.com,115,1,2025-05-25T15:12:32Z
238,Leo,Rousseau,leo.rousseau.238@example.com,147,1,2025-10-03T15:12:32Z
239,Noah,Garcia,noah.garcia.239@example.com,61,1,2025-09-07T15:12:32Z
240,Taylor,Renard,taylor.renard.240@example.com,41,1,2025-03-15T15:12:32Z
241,Adam,Rousseau,adam.rousseau.241@example.com,31,1,2024-11-15T15:12:32Z
242,Olivia,Garcia,olivia.garcia.242@example.com,57,1,2025-06-18T15:12:32Z
243,Jordan,Mercier,jordan.mercier.243@example.com,117,1,2024-12-02T15:12:32Z
244,Mila,Lemoine,mila.lemoine.244@example.com,141,1,2025-02-09T15:12:32Z
245,Nina,Fournier,nina.fournier.245@example.com,21,1,2025-01-12T15:12:32Z
246,Yara,Muller,yara.muller.246@example.com,93,1,2025-08-30T15:12:32Z
247,Hugo,Durand,hugo.durand.247@example.com,141,1,2025-01-23T15:12:32Z
248,Liam,Boyer,liam.boyer.248@example.com,43,1,2025-04-24T15:12:32Z
249,Adam,Renard,adam.renard.249@example.com,53,1,2024-12-14T15:12:32Z
250,Sofia,Dubois,sofia.dubois.250@example.com,115,1,2025-09-10T15:12:32Z
251,Yara,Lefevre,yara.lefevre.251@example.com,107,1,2025-02-17T15:12:32Z
252,Hugo,Bernard,hugo.bernard.252@example.com,119,1,2025-05-04T15:12:32Z
253,Alex,Lopez,alex.lopez.253@example.com,1,1,2025-06-19T15:12:32Z
254,Hugo,Dubois,hugo.dubois.254@example.com,109,1,2025-04-15T15:12:32Z
255,Chris,Boyer,chris.boyer.255@example.com,18,1,2025-02-09T15:12:32Z
256,Sam,Rousseau,sam.rousseau.256@example.com,47,1,2025-07-31T15:12:32Z
257,Ethan,Garcia,ethan.garcia.257@example.com,115,1,2025-03-29T15:12:32Z
258,Zoe,Dubois,zoe.dubois.258@example.com,139,1,2025-08-01T15:12:32Z
259,Mila,Durand,mila.durand.259@example.com,138,1,2025-03-21T15:12:32Z
260,Adam,Lefevre,adam.lefevre.260@example.com,58,1,2025-10-07T15:12:32Z
261,Alex,Rousseau,alex.rousseau.261@example.com,140,1,2025-03-05T15:12:32Z
262,Nina,Lopez,nina.lopez.262@example.com,64,1,2025-02-15T15:12:32Z
263,Mila,Lefevre,mila.lefevre.263@example.com,49,1,2025-08-12T15:12:32Z
264,Sam,Lemoine,sam.lemoine.264@example.com,5,1,2025-06-07T15:12:32Z
265,Liam,Dubois,liam.dubois.265@example.com,9,1,2025-02-22T15:12:32Z
266,Kenza,Bernard,kenza.bernard.266@example.com,12,1,2025-03-17T15:12:32Z
267,Yara,Lambert,yara.lambert.267@example.com,56,1,2025-09-10T15:12:32Z
268,Jordan,Muller,jordan.muller.268@example.com,60,1,2024-12-18T15:12:32Z
269,Leo,Petit,leo.petit.269@example.com,78,1,2025-07-27T15:12:32Z
270,Adam,Lambert,adam.lambert.270@example.com,77,1,2025-05-21T15:12:32Z
271,Sam,Boyer,sam.boyer.271@example.com,45,1,2024-11-22T15:12:32Z
272,Ethan,Boyer,ethan.boyer.272@example.com,13,1,2025-04-15T15:12:32Z
273,Zoe,Muller,zoe.muller.273@example.com,107,1,2025-03-13T15:12:32Z
274,Jordan,Rousseau,jordan.rousseau.274@example.com,48,1,2025-01-06T15:12:32Z
275,Sofia,Lambert,sofia.lambert.275@example.com,77,1,2025-07-27T15:12:32Z
276,Yara,Bernard,yara.bernard.276@example.com,106,1,2025-03-09T15:12:32Z
277,Nina,Muller,nina.muller.277@example.com,100,1,2025-06-06T15:12:32Z
278,Noah,Fournier,noah.fournier.278@example.com,21,1,2025-02-20T15:12:32Z
279,Mila,Dubois,mila.dubois.279@example.com,49,1,2025-09-12T15:12:32Z
280,Noah,Lopez,noah.lopez.280@example.com,11,1,2025-09-01T15:12:32Z
281,Liam,Boyer,liam.boyer.281@example.com,123,1,2025-06-24T15:12:32Z
282,Leo,Rousseau,leo.rousseau.282@example.com,55,1,2025-07-03T15:12:32Z
283,Taylor,Mercier,taylor.mercier.283@example.com,53,1,2025-03-19T15:12:32Z
284,Emma,Boyer,emma.boyer.284@example.com,73,1,2025-03-28T15:12:32Z
285,Yara,Boyer,yara.boyer.285@example.com,92,1,2025-05-04T15:12:32Z
286,Noah,Garcia,noah.garcia.286@example.com,128,1,2025-02-12T15:12:32Z
287,Taylor,Mercier,taylor.mercier.287@example.com,53,1,2025-04-02T15:12:32Z
288,Leo,Lemoine,leo.lemoine.288@example.com,145,1,2025-06-17T15:12:32Z
289,Jordan,Martin,jordan.martin.289@example.com,142,1,2024-12-13T15:12:32Z
290,Hugo,Lemoine,hugo.lemoine.290@example.com,40,1,2025-06-30T15:12:32Z
291,Leo,Lambert,leo.lambert.291@example.com,146,1,2025-06-05T15:12:32Z
292,Sofia,Boyer,sofia.boyer.292@example.com,87,1,2025-05-30T15:12:32Z
293,Sofia,Mercier,sofia.mercier.293@example.com,44,1,2025-04-11T15:12:32Z
294,Maya,Lefevre,maya.lefevre.294@example.com,140,1,2025-01-31T15:12:32Z
295,Maya,Boyer,maya.boyer.295@example.com,16,1,2025-01-13T15:12:32Z
296,Sam,Dubois,sam.dubois.296@example.com,13,1,2025-10-05T15:12:32Z
297,Ethan,Lefevre,ethan.lefevre.297@example.com,60,1,2025-09-04T15:12:32Z
298,Jordan,Martin,jordan.martin.298@example.com,130,1,2025-02-17T15:12:32Z
299,Mila,Bernard,mila.bernard.299@example.com,124,1,2025-02-01T15:12:32Z
300,Alex,Martin,alex.martin.300@example.com,142,1,2025-03-12T15:12:32Z
301,Alex,Martin,alex.martin.301@example.com,71,1,2025-01-07T15:12:32Z
302,Olivia,Martin,olivia.martin.302@example.com,111,1,2025-07-09T15:12:32Z
303,Taylor,Durand,taylor.durand.303@example.com,39,1,2025-06-07T15:12:32Z
304,Liam,Muller,liam.muller.304@example.com,91,1,2025-05-25T15:12:32Z
305,Zoe,Dubois,zoe.dubois.305@example.com,104,1,2025-02-15T15:12:32Z
306,Hugo,Lambert,hugo.lambert.306@example.com,58,1,2025-05-08T15:12:32Z
307,Chris,Bernard,chris.bernard.307@example.com,104,1,2025-03-28T15:12:32Z
308,Zoe,Boyer,zoe.boyer.308@example.com,15,1,2024-11-16T15:12:32Z
309,Alex,Moreau,alex.moreau.309@example.com,128,1,2025-02-28T15:12:32Z
310,Leo,Durand,leo.durand.310@example.com,11,1,2025-06-13T15:12:32Z
311,Liam,Mercier,liam.mercier.311@example.com,12,1,2025-08-31T15:12:32Z
312,Noah,Boyer,noah.boyer.312@example.com,9,1,2025-07-09T15:12:32Z
313,Leo,Martin,leo.martin.313@example.com,37,1,2025-03-19T15:12:32Z
314,Chris,Rousseau,chris.rousseau.314@example.com,145,1,2025-06-07T15:12:32Z
315,Hugo,Lopez,hugo.lopez.315@example.com,139,1,2025-04-22T15:12:32Z
316,Zoe,Lefevre,zoe.lefevre.316@example.com,21,1,2025-01-25T15:12:32Z
317,Mila,Bernard,mila.bernard.317@example.com,112,1,2025-06-12T15:12:32Z
318,Chris,Petit,chris.petit.318@example.com,102,1,2025-04-24T15:12:32Z
319,Alex,Bonnet,alex.bonnet.319@example.com,126,1,2025-06-14T15:12:32Z
320,Mila,Boyer,mila.boyer.320@example.com,111,1,2025-07-05T15:12:32Z
321,Hugo,Lopez,hugo.lopez.321@example.com,76,1,2025-06-04T15:12:32Z
322,Chris,Dubois,chris.dubois.322@example.com,40,1,2025-03-28T15:12:32Z
323,Jordan,Lopez,jordan.lopez.323@example.com,93,1,2025-08-15T15:12:32Z
324,Chris,Martin,chris.martin.324@example.com,114,1,2025-04-07T15:12:32Z
325,Noah,Durand,noah.durand.325@example.com,23,1,2025-07-05T15:12:32Z
326,Ethan,Renard,ethan.renard.326@example.com,143,1,2025-01-19T15:12:32Z
327,Ethan,Durand,ethan.durand.327@example.com,23,1,2025-04-10T15:12:32Z
328,Nina,Dubois,nina.dubois.328@example.com,84,1,2025-03-25T15:12:32Z
329,Alex,Rousseau,alex.rousseau.329@example.com,100,1,2025-08-26T15:12:32Z
330,Nina,Lambert,nina.lambert.330@example.com,134,1,2025-07-14T15:12:32Z
331,Zoe,Moreau,zoe.moreau.331@example.com,69,1,2025-05-07T15:12:32Z
332,Noah,Mercier,noah.mercier.332@example.com,17,1,2025-07-15T15:12:32Z
333,Ethan,Bonnet,ethan.bonnet.333@example.com,77,1,2025-02-03T15:12:32Z
334,Chris,Garcia,chris.garcia.334@example.com,64,1,2024-11-22T15:12:32Z
335,Sofia,Fournier,sofia.fournier.335@example.com,28,1,2025-07-31T15:12:32Z
336,Olivia,Martin,olivia.martin.336@example.com,86,1,2024-11-25T15:12:32Z
337,Zoe,Petit,zoe.petit.337@example.com,86,1,2025-03-02T15:12:32Z
338,Kenza,Lefevre,kenza.lefevre.338@example.com,83,1,2024-12-04T15:12:32Z
339,Liam,Mercier,liam.mercier.339@example.com,46,1,2025-03-19T15:12:32Z
340,Leo,Rousseau,leo.rousseau.340@example.com,126,1,2024-12-18T15:12:32Z
341,Emma,Petit,emma.petit.341@example.com,72,1,2025-03-21T15:12:32Z
342,Mila,Durand,mila.durand.342@example.com,52,1,2024-12-09T15:12:32Z
343,Nina,Moreau,nina.moreau.343@example.com,141,1,2025-09-25T15:12:32Z
344,Yara,Fournier,yara.fournier.344@example.com,75,1,2025-09-03T15:12:32Z
345,Ethan,Mercier,ethan.mercier.345@example.com,78,1,2025-06-07T15:12:32Z
346,Noah,Lefevre,noah.lefevre.346@example.com,109,1,2025-03-29T15:12:32Z
347,Chris,Renard,chris.renard.347@example.com,123,1,2024-12-14T15:12:32Z
348,Zoe,Boyer,zoe.boyer.348@example.com,108,1,2025-01-03T15:12:32Z
349,Sam,Garcia,sam.garcia.349@example.com,138,1,2024-12-08T15:12:32Z
350,Chris,Durand,chris.durand.350@example.com,91,1,2025-07-15T15:12:32Z
351,Kenza,Bernard,kenza.bernard.351@example.com,103,1,2025-04-22T15:12:32Z
352,Ethan,Durand,ethan.durand.352@example.com,26,1,2025-05-29T15:12:32Z
353,Emma,Muller,emma.muller.353@example.com,133,1,2024-12-27T15:12:32Z
354,Hugo,Lambert,hugo.lambert.354@example.com,96,1,2025-03-22T15:12:32Z
355,Yara,Muller,yara.muller.355@example.com,89,1,2025-09-26T15:12:32Z
356,Sofia,Durand,sofia.durand.356@example.com,107,1,2025-08-26T15:12:32Z
357,Taylor,Lefevre,taylor.lefevre.357@example.com,80,1,2025-04-16T15:12:32Z
358,Yara,Fournier,yara.fournier.358@example.com,124,1,2025-04-13T15:12:32Z
359,Sofia,Durand,sofia.durand.359@example.com,116,1,2025-04-28T15:12:32Z
360,Chris,Rousseau,chris.rousseau.360@example.com,30,1,2025-09-27T15:12:32Z
361,Leo,Durand,leo.durand.361@example.com,43,1,2025-06-06T15:12:32Z
362,Adam,Moreau,adam.moreau.362@example.com,41,1,2025-04-22T15:12:32Z
363,Nina,Lemoine,nina.lemoine.363@example.com,60,1,2025-03-15T15:12:32Z
364,Maya,Moreau,maya.moreau.364@example.com,111,1,2025-03-20T15:12:32Z
365,Alex,Fournier,alex.fournier.365@example.com,110,1,2025-03-23T15:12:32Z
366,Alex,Fournier,alex.fournier.366@example.com,72,1,2025-09-06T15:12:32Z
367,Hugo,Durand,hugo.durand.367@example.com,48,1,2025-04-04T15:12:32Z
368,Leo,Fournier,leo.fournier.368@example.com,30,1,2025-05-27T15:12:32Z
369,Sofia,Muller,sofia.muller.369@example.com,81,1,2024-12-07T15:12:32Z
370,Zoe,Lopez,zoe.lopez.370@example.com,30,1,2025-04-13T15:12:32Z
371,Mila,Renard,mila.renard.371@example.com,45,1,2025-05-09T15:12:32Z
372,Kenza,Dubois,kenza.dubois.372@example.com,35,1,2025-05-01T15:12:32Z
373,Taylor,Lambert,taylor.lambert.373@example.com,30,1,2025-07-07T15:12:32Z
374,Mila,Lefevre,mila.lefevre.374@example.com,100,1,2025-03-08T15:12:32Z
375,Kenza,Lefevre,kenza.lefevre.375@example.com,99,1,2025-03-06T15:12:32Z
376,Maya,Mercier,maya.mercier.376@example.com,138,1,2024-11-12T15:12:32Z
377,Maya,Boyer,maya.boyer.377@example.com,126,1,2025-05-14T15:12:32Z
378,Jordan,Moreau,jordan.moreau.378@example.com,116,1,2024-11-25T15:12:32Z
379,Sam,Garcia,sam.garcia.379@example.com,125,1,2025-07-31T15:12:32Z
380,Liam,Lopez,liam.lopez.380@example.com,130,1,2024-11-08T15:12:32Z
381,Sofia,Lemoine,sofia.lemoine.381@example.com,126,1,2025-03-10T15:12:32Z
382,Yara,Mercier,yara.mercier.382@example.com,22,1,2024-12-23T15:12:32Z
383,Alex,Lambert,alex.lambert.383@example.com,9,1,2025-05-21T15:12:32Z
384,Emma,Boyer,emma.boyer.384@example.com,44,1,2025-02-16T15:12:32Z
385,Hugo,Mercier,hugo.mercier.385@example.com,131,1,2025-08-12T15:12:32Z
386,Hugo,Durand,hugo.durand.386@example.com,140,1,2025-04-04T15:12:32Z
387,Nina,Bernard,nina.bernard.387@example.com,113,1,2025-01-02T15:12:32Z
388,Liam,Lemoine,liam.lemoine.388@example.com,64,1,2025-05-09T15:12:32Z
389,Sam,Renard,sam.renard.389@example.com,90,1,2025-08-25T15:12:32Z
390,Yara,Durand,yara.durand.390@example.com,54,1,2024-12-11T15:12:32Z
391,Mila,Lemoine,mila.lemoine.391@example.com,36,1,2025-06-25T15:12:32Z
392,Liam,Bernard,liam.bernard.392@example.com,90,1,2025-01-09T15:12:32Z
393,Noah,Boyer,noah.boyer.393@example.com,83,1,2025-05-12T15:12:32Z
394,Olivia,Bonnet,olivia.bonnet.394@example.com,25,1,2025-07-31T15:12:32Z
395,Ethan,Bernard,ethan.bernard.395@example.com,33,1,2025-08-02T15:12:32Z
396,Emma,Lefevre,emma.lefevre.396@example.com,83,1,2025-06-04T15:12:32Z
397,Zoe,Mercier,zoe.mercier.397@example.com,148,1,2024-11-19T15:12:32Z
398,Noah,Lemoine,noah.lemoine.398@example.com,116,1,2025-08-31T15:12:32Z
399,Chris,Lopez,chris.lopez.399@example.com,72,1,2025-04-03T15:12:32Z
400,Yara,Mercier,yara.mercier.400@example.com,149,1,2025-10-07T15:12:32Z
401,Chris,Renard,chris.renard.401@example.com,92,1,2025-09-06T15:12:32Z
402,Nina,Lopez,nina.lopez.402@example.com,110,1,2025-06-22T15:12:32Z
403,Sofia,Bonnet,sofia.bonnet.403@example.com,73,1,2025-04-19T15:12:32Z
404,Nina,Lefevre,nina.lefevre.404@example.com,125,1,2025-04-16T15:12:32Z
405,Sam,Bernard,sam.bernard.405@example.com,118,1,2025-09-30T15:12:32Z
406,Taylor,Moreau,taylor.moreau.406@example.com,117,1,2025-10-08T15:12:32Z
407,Ethan,Fournier,ethan.fournier.407@example.com,34,1,2024-11-10T15:12:32Z
408,Olivia,Moreau,olivia.moreau.408@example.com,24,1,2024-11-07T15:12:32Z
409,Mila,Bonnet,mila.bonnet.409@example.com,96,1,2024-11-10T15:12:32Z
410,Maya,Bernard,maya.bernard.410@example.com,79,1,2025-06-11T15:12:32Z
411,Ethan,Dubois,ethan.dubois.411@example.com,25,1,2025-10-08T15:12:32Z
412,Liam,Mercier,liam.mercier.412@example.com,34,1,2024-12-09T15:12:32Z
413,Emma,Muller,emma.muller.413@example.com,114,1,2025-10-04T15:12:32Z
414,Alex,Petit,alex.petit.414@example.com,109,1,2025-08-02T15:12:32Z
415,Sofia,Dubois,sofia.dubois.415@example.com,99,1,2025-08-24T15:12:32Z
416,Taylor,Durand,taylor.durand.416@example.com,95,1,2025-05-08T15:12:32Z
417,Jordan,Lopez,jordan.lopez.417@example.com,37,1,2025-09-03T15:12:32Z
418,Adam,Martin,adam.martin.418@example.com,43,1,2025-02-25T15:12:32Z
419,Mila,Fournier,mila.fournier.419@example.com,39,1,2025-03-12T15:12:32Z
420,Kenza,Renard,kenza.renard.420@example.com,23,1,2025-08-18T15:12:32Z
421,Jordan,Durand,jordan.durand.421@example.com,99,1,2025-04-12T15:12:32Z
422,Ethan,Petit,ethan.petit.422@example.com,64,1,2025-05-20T15:12:32Z
423,Chris,Lambert,chris.lambert.423@example.com,73,1,2025-09-25T15:12:32Z
424,Olivia,Fournier,olivia.fournier.424@example.com,131,1,2025-07-04T15:12:32Z
425,Zoe,Rousseau,zoe.rousseau.425@example.com,14,1,2025-06-08T15:12:32Z
426,Sofia,Lopez,sofia.lopez.426@example.com,62,1,2025-01-26T15:12:32Z
427,Kenza,Dubois,kenza.dubois.427@example.com,4,1,2025-04-07T15:12:32Z
428,Leo,Lefevre,leo.lefevre.428@example.com,146,1,2025-03-07T15:12:32Z
429,Mila,Boyer,mila.boyer.429@example.com,45,1,2025-02-09T15:12:32Z
430,Chris,Martin,chris.martin.430@example.com,18,1,2025-10-01T15:12:32Z
431,Noah,Fournier,noah.fournier.431@example.com,16,1,2025-03-19T15:12:32Z
432,Adam,Rousseau,adam.rousseau.432@example.com,129,1,2025-03-10T15:12:32Z
433,Ethan,Lopez,ethan.lopez.433@example.com,138,1,2025-01-06T15:12:32Z
434,Kenza,Lefevre,kenza.lefevre.434@example.com,22,1,2025-05-03T15:12:32Z
435,Chris,Muller,chris.muller.435@example.com,40,1,2025-01-07T15:12:32Z
436,Leo,Lopez,leo.lopez.436@example.com,17,1,2025-05-03T15:12:32Z
437,Ethan,Lambert,ethan.lambert.437@example.com,63,1,2025-08-25T15:12:32Z
438,Ethan,Durand,ethan.durand.438@example.com,15,1,2025-05-03T15:12:32Z
439,Maya,Durand,maya.durand.439@example.com,36,1,2025-10-03T15:12:32Z
440,Maya,Mercier,maya.mercier.440@example.com,134,1,2025-01-17T15:12:32Z
441,Noah,Moreau,noah.moreau.441@example.com,33,1,2025-05-24T15:12:32Z
442,Taylor,Martin,taylor.martin.442@example.com,110,1,2025-05-22T15:12:32Z
443,Adam,Dubois,adam.dubois.443@example.com,148,1,2024-11-21T15:12:32Z
444,Chris,Mercier,chris.mercier.444@example.com,131,1,2025-04-07T15:12:32Z
445,Sam,Mercier,sam.mercier.445@example.com,43,1,2025-04-03T15:12:32Z
446,Maya,Bonnet,maya.bonnet.446@example.com,147,1,2025-08-10T15:12:32Z
447,Emma,Muller,emma.muller.447@example.com,12,1,2025-10-02T15:12:32Z
448,Emma,Bernard,emma.bernard.448@example.com,94,1,2025-03-26T15:12:32Z
449,Jordan,Moreau,jordan.moreau.449@example.com,142,1,2024-11-07T15:12:32Z
450,Ethan,Lambert,ethan.lambert.450@example.com,64,1,2025-03-09T15:12:32Z
451,Leo,Bonnet,leo.bonnet.451@example.com,147,1,2025-04-01T15:12:32Z
452,Taylor,Muller,taylor.muller.452@example.com,14,1,2025-07-09T15:12:32Z
453,Emma,Muller,emma.muller.453@example.com,103,1,2025-09-03T15:12:32Z
454,Yara,Rousseau,yara.rousseau.454@example.com,84,1,2025-08-25T15:12:32Z
455,Nina,Renard,nina.renard.455@example.com,95,1,2025-06-28T15:12:32Z
456,Olivia,Rousseau,olivia.rousseau.456@example.com,63,1,2025-02-13T15:12:32Z
457,Mila,Mercier,mila.mercier.457@example.com,140,1,2025-06-05T15:12:32Z
458,Jordan,Martin,jordan.martin.458@example.com,7,1,2025-06-11T15:12:32Z
459,Nina,Garcia,nina.garcia.459@example.com,3,1,2025-04-20T15:12:32Z
460,Alex,Lopez,alex.lopez.460@example.com,79,1,2025-08-16T15:12:32Z
461,Liam,Muller,liam.muller.461@example.com,108,1,2025-01-30T15:12:32Z
462,Sam,Lefevre,sam.lefevre.462@example.com,72,1,2025-08-22T15:12:32Z
463,Sam,Lambert,sam.lambert.463@example.com,106,1,2025-04-01T15:12:32Z
464,Yara,Dubois,yara.dubois.464@example.com,25,1,2025-01-23T15:12:32Z
465,Jordan,Lopez,jordan.lopez.465@example.com,146,1,2025-09-07T15:12:32Z
466,Ethan,Lefevre,ethan.lefevre.466@example.com,75,1,2025-05-28T15:12:32Z
467,Leo,Lopez,leo.lopez.467@example.com,84,1,2025-04-29T15:12:32Z
468,Yara,Bonnet,yara.bonnet.468@example.com,20,1,2025-06-27T15:12:32Z
469,Jordan,Durand,jordan.durand.469@example.com,28,1,2025-07-16T15:12:32Z
470,Yara,Renard,yara.renard.470@example.com,105,1,2025-08-08T15:12:32Z
471,Nina,Garcia,nina.garcia.471@example.com,116,1,2025-05-04T15:12:32Z
472,Yara,Bonnet,yara.bonnet.472@example.com,24,1,2025-07-20T15:12:32Z
473,Olivia,Bernard,olivia.bernard.473@example.com,84,1,2025-07-25T15:12:32Z
474,Chris,Lambert,chris.lambert.474@example.com,102,1,2025-01-19T15:12:32Z
475,Sam,Rousseau,sam.rousseau.475@example.com,45,1,2025-09-23T15:12:32Z
476,Zoe,Renard,zoe.renard.476@example.com,141,1,2025-06-03T15:12:32Z
477,Taylor,Renard,taylor.renard.477@example.com,36,1,2025-08-07T15:12:32Z
478,Alex,Bernard,alex.bernard.478@example.com,34,1,2025-06-29T15:12:32Z
479,Zoe,Garcia,zoe.garcia.479@example.com,22,1,2024-12-14T15:12:32Z
480,Hugo,Bonnet,hugo.bonnet.480@example.com,6,1,2025-09-05T15:12:32Z
481,Liam,Renard,liam.renard.481@example.com,24,1,2025-04-22T15:12:32Z
482,Taylor,Bernard,taylor.bernard.482@example.com,13,1,2025-07-14T15:12:32Z
483,Hugo,Lemoine,hugo.lemoine.483@example.com,102,1,2025-01-27T15:12:32Z
484,Alex,Lopez,alex.lopez.484@example.com,110,1,2025-07-12T15:12:32Z
485,Mila,Fournier,mila.fournier.485@example.com,71,1,2025-05-18T15:12:32Z
486,Yara,Lefevre,yara.lefevre.486@example.com,63,1,2024-11-11T15:12:32Z
487,Olivia,Mercier,olivia.mercier.487@example.com,141,1,2025-02-05T15:12:32Z
488,Sam,Dubois,sam.dubois.488@example.com,99,1,2025-07-30T15:12:32Z
489,Ethan,Fournier,ethan.fournier.489@example.com,135,1,2025-06-03T15:12:32Z
490,Nina,Martin,nina.martin.490@example.com,92,1,2025-02-05T15:12:32Z
491,Nina,Mercier,nina.mercier.491@example.com,145,1,2025-01-24T15:12:32Z
492,Leo,Lopez,leo.lopez.492@example.com,47,1,2025-09-25T15:12:32Z
493,Leo,Lambert,leo.lambert.493@example.com,72,1,2025-09-09T15:12:32Z
494,Sofia,Muller,sofia.muller.494@example.com,150,1,2025-06-11T15:12:32Z
495,Maya,Durand,maya.durand.495@example.com,62,1,2025-05-25T15:12:32Z
496,Nina,Bernard,nina.bernard.496@example.com,148,1,2025-03-24T15:12:32Z
497,Mila,Moreau,mila.moreau.497@example.com,61,1,2024-12-09T15:12:32Z
498,Leo,Garcia,leo.garcia.498@example.com,8,1,2025-04-11T15:12:32Z
499,Hugo,Lefevre,hugo.lefevre.499@example.com,49,1,2025-01-29T15:12:32Z
500,Nina,Rousseau,nina.rousseau.500@example.com,126,1,2025-09-19T15:12:32Z
501,Chris,Bernard,chris.bernard.501@example.com,57,1,2025-09-28T15:12:32Z
502,Adam,Mercier,adam.mercier.502@example.com,85,1,2024-11-28T15:12:32Z
503,Liam,Lefevre,liam.lefevre.503@example.com,46,1,2025-04-26T15:12:32Z
504,Sam,Martin,sam.martin.504@example.com,37,1,2025-08-13T15:12:32Z
505,Adam,Garcia,adam.garcia.505@example.com,96,1,2025-03-20T15:12:32Z
506,Hugo,Durand,hugo.durand.506@example.com,78,1,2025-04-26T15:12:32Z
507,Jordan,Moreau,jordan.moreau.507@example.com,112,1,2024-11-15T15:12:32Z
508,Sofia,Petit,sofia.petit.508@example.com,144,1,2024-11-28T15:12:32Z
509,Mila,Lambert,mila.lambert.509@example.com,45,1,2025-03-29T15:12:32Z
510,Olivia,Rousseau,olivia.rousseau.510@example.com,46,1,2025-10-08T15:12:32Z
511,Hugo,Lopez,hugo.lopez.511@example.com,9,1,2025-07-07T15:12:32Z
512,Kenza,Petit,kenza.petit.512@example.com,57,1,2024-11-15T15:12:32Z
513,Hugo,Durand,hugo.durand.513@example.com,37,1,2025-04-22T15:12:32Z
514,Chris,Lambert,chris.lambert.514@example.com,82,1,2025-07-15T15:12:32Z
515,Chris,Petit,chris.petit.515@example.com,3,1,2025-05-26T15:12:32Z
516,Liam,Lambert,liam.lambert.516@example.com,18,1,2025-04-12T15:12:32Z
517,Noah,Durand,noah.durand.517@example.com,1,1,2025-09-14T15:12:32Z
518,Zoe,Renard,zoe.renard.518@example.com,108,1,2025-07-15T15:12:32Z
519,Ethan,Mercier,ethan.mercier.519@example.com,90,1,2025-01-02T15:12:32Z
520,Zoe,Durand,zoe.durand.520@example.com,148,1,2024-11-09T15:12:32Z
521,Emma,Moreau,emma.moreau.521@example.com,19,1,2025-09-21T15:12:32Z
522,Olivia,Martin,olivia.martin.522@example.com,67,1,2025-08-16T15:12:32Z
523,Chris,Petit,chris.petit.523@example.com,97,1,2025-07-18T15:12:32Z
524,Chris,Boyer,chris.boyer.524@example.com,87,1,2024-12-08T15:12:32Z
525,Kenza,Mercier,kenza.mercier.525@example.com,8,1,2025-03-02T15:12:32Z
526,Maya,Lemoine,maya.lemoine.526@example.com,14,1,2025-08-18T15:12:32Z
527,Leo,Fournier,leo.fournier.527@example.com,105,1,2024-12-29T15:12:32Z
528,Nina,Bonnet,nina.bonnet.528@example.com,73,1,2025-05-09T15:12:32Z
529,Emma,Durand,emma.durand.529@example.com,101,1,2024-12-20T15:12:32Z
530,Nina,Mercier,nina.mercier.530@example.com,14,1,2025-04-07T15:12:32Z
531,Alex,Lemoine,alex.lemoine.531@example.com,76,1,2024-11-22T15:12:32Z
532,Kenza,Mercier,kenza.mercier.532@example.com,25,1,2025-09-25T15:12:32Z
533,Liam,Moreau,liam.moreau.533@example.com,75,1,2025-08-28T15:12:32Z
534,Sofia,Durand,sofia.durand.534@example.com,102,1,2025-02-09T15:12:32Z
535,Sofia,Bonnet,sofia.bonnet.535@example.com,140,1,2025-03-24T15:12:32Z
536,Maya,Garcia,maya.garcia.536@example.com,95,1,2025-07-05T15:12:32Z
537,Yara,Bernard,yara.bernard.537@example.com,113,1,2025-02-12T15:12:32Z
538,Noah,Lambert,noah.lambert.538@example.com,145,1,2025-09-07T15:12:32Z
539,Jordan,Durand,jordan.durand.539@example.com,89,1,2025-01-04T15:12:32Z
540,Ethan,Lambert,ethan.lambert.540@example.com,16,1,2025-03-24T15:12:32Z
541,Adam,Lemoine,adam.lemoine.541@example.com,122,1,2024-12-19T15:12:32Z
542,Emma,Mercier,emma.mercier.542@example.com,21,1,2025-03-20T15:12:32Z
543,Sam,Muller,sam.muller.543@example.com,133,1,2024-12-20T15:12:32Z
544,Kenza,Lefevre,kenza.lefevre.544@example.com,115,1,2025-07-12T15:12:32Z
545,Maya,Fournier,maya.fournier.545@example.com,33,1,2025-09-17T15:12:32Z
546,Ethan,Dubois,ethan.dubois.546@example.com,112,1,2025-06-27T15:12:32Z
547,Jordan,Bonnet,jordan.bonnet.547@example.com,18,1,2025-08-25T15:12:32Z
548,Zoe,Boyer,zoe.boyer.548@example.com,142,1,2025-04-25T15:12:32Z
549,Noah,Muller,noah.muller.549@example.com,4,1,2024-11-23T15:12:32Z
550,Hugo,Muller,hugo.muller.550@example.com,29,1,2025-03-10T15:12:32Z
551,Jordan,Lefevre,jordan.lefevre.551@example.com,150,1,2025-08-18T15:12:32Z
552,Taylor,Durand,taylor.durand.552@example.com,138,1,2025-04-15T15:12:32Z
553,Ethan,Bonnet,ethan.bonnet.553@example.com,125,1,2024-12-20T15:12:32Z
554,Kenza,Mercier,kenza.mercier.554@example.com,45,1,2025-05-20T15:12:32Z
555,Zoe,Lefevre,zoe.lefevre.555@example.com,103,1,2025-09-19T15:12:32Z
556,Zoe,Petit,zoe.petit.556@example.com,61,1,2025-09-13T15:12:32Z
557,Sofia,Bonnet,sofia.bonnet.557@example.com,6,1,2025-04-19T15:12:32Z
558,Olivia,Rousseau,olivia.rousseau.558@example.com,126,1,2025-08-19T15:12:32Z
559,Emma,Lefevre,emma.lefevre.559@example.com,114,1,2025-04-27T15:12:32Z
560,Noah,Lemoine,noah.lemoine.560@example.com,23,1,2025-07-04T15:12:32Z
561,Yara,Fournier,yara.fournier.561@example.com,125,1,2025-01-17T15:12:32Z
562,Mila,Bernard,mila.bernard.562@example.com,41,1,2025-09-05T15:12:32Z
563,Olivia,Muller,olivia.muller.563@example.com,35,1,2025-01-13T15:12:32Z
564,Hugo,Martin,hugo.martin.564@example.com,50,1,2025-06-28T15:12:32Z
565,Sam,Lambert,sam.lambert.565@example.com,117,1,2025-09-13T15:12:32Z
566,Mila,Fournier,mila.fournier.566@example.com,95,1,2025-02-13T15:12:32Z
567,Adam,Lopez,adam.lopez.567@example.com,32,1,2025-09-23T15:12:32Z
568,Emma,Garcia,emma.garcia.568@example.com,115,1,2025-07-10T15:12:32Z
569,Sofia,Boyer,sofia.boyer.569@example.com,89,1,2025-07-17T15:12:32Z
570,Noah,Dubois,noah.dubois.570@example.com,8,1,2025-03-25T15:12:32Z
571,Sam,Moreau,sam.moreau.571@example.com,55,1,2025-06-17T15:12:32Z
572,Emma,Fournier,emma.fournier.572@example.com,105,1,2025-01-19T15:12:32Z
573,Alex,Martin,alex.martin.573@example.com,34,1,2024-11-11T15:12:32Z
574,Maya,Martin,maya.martin.574@example.com,65,1,2024-12-01T15:12:32Z
575,Olivia,Bonnet,olivia.bonnet.575@example.com,97,1,2025-04-13T15:12:32Z
576,Yara,Bonnet,yara.bonnet.576@example.com,120,1,2025-05-07T15:12:32Z
577,Adam,Lopez,adam.lopez.577@example.com,27,1,2025-10-05T15:12:32Z
578,Adam,Garcia,adam.garcia.578@example.com,73,1,2025-05-09T15:12:32Z
579,Taylor,Mercier,taylor.mercier.579@example.com,87,1,2025-05-20T15:12:32Z
580,Leo,Bonnet,leo.bonnet.580@example.com,77,1,2025-07-04T15:12:32Z
581,Jordan,Muller,jordan.muller.581@example.com,15,1,2024-12-05T15:12:32Z
582,Zoe,Petit,zoe.petit.582@example.com,36,1,2025-09-25T15:12:32Z
583,Sofia,Rousseau,sofia.rousseau.583@example.com,108,1,2025-03-15T15:12:32Z
584,Zoe,Bernard,zoe.bernard.584@example.com,147,1,2025-07-03T15:12:32Z
585,Leo,Lambert,leo.lambert.585@example.com,137,1,2024-11-16T15:12:32Z
586,Sofia,Garcia,sofia.garcia.586@example.com,77,1,2025-07-13T15:12:32Z
587,Nina,Moreau,nina.moreau.587@example.com,25,1,2025-02-09T15:12:32Z
588,Jordan,Bonnet,jordan.bonnet.588@example.com,144,1,2025-07-07T15:12:32Z
589,Leo,Dubois,leo.dubois.589@example.com,91,1,2025-06-16T15:12:32Z
590,Olivia,Lemoine,olivia.lemoine.590@example.com,96,1,2025-05-28T15:12:32Z
591,Hugo,Rousseau,hugo.rousseau.591@example.com,31,1,2025-02-10T15:12:32Z
592,Sam,Dubois,sam.dubois.592@example.com,50,1,2025-01-25T15:12:32Z
593,Taylor,Lopez,taylor.lopez.593@example.com,77,1,2025-03-11T15:12:32Z
594,Sam,Lefevre,sam.lefevre.594@example.com,52,1,2025-04-16T15:12:32Z
595,Ethan,Renard,ethan.renard.595@example.com,81,1,2025-07-08T15:12:32Z
596,Chris,Mercier,chris.mercier.596@example.com,46,1,2025-05-01T15:12:32Z
597,Sam,Martin,sam.martin.597@example.com,71,1,2025-06-23T15:12:32Z
598,Maya,Moreau,maya.moreau.598@example.com,23,1,2025-08-03T15:12:32Z
599,Kenza,Lemoine,kenza.lemoine.599@example.com,110,1,2025-03-16T15:12:32Z
600,Ethan,Mercier,ethan.mercier.600@example.com,2,1,2025-09-19T15:12:32Z
601,Nina,Fournier,nina.fournier.601@example.com,96,1,2025-10-01T15:12:32Z
602,Leo,Muller,leo.muller.602@example.com,5,1,2025-10-06T15:12:32Z
603,Emma,Lambert,emma.lambert.603@example.com,89,1,2025-05-02T15:12:32Z
604,Jordan,Durand,jordan.durand.604@example.com,129,1,2024-12-11T15:12:32Z
605,Olivia,Moreau,olivia.moreau.605@example.com,12,1,2025-05-09T15:12:32Z
606,Olivia,Renard,olivia.renard.606@example.com,134,1,2024-12-07T15:12:32Z
607,Adam,Petit,adam.petit.607@example.com,35,1,2025-04-16T15:12:32Z
608,Sofia,Garcia,sofia.garcia.608@example.com,43,1,2025-03-16T15:12:32Z
609,Alex,Lambert,alex.lambert.609@example.com,34,1,2025-06-22T15:12:32Z
610,Alex,Muller,alex.muller.610@example.com,32,1,2025-04-04T15:12:32Z
611,Sam,Lopez,sam.lopez.611@example.com,66,1,2025-01-08T15:12:32Z
612,Kenza,Bernard,kenza.bernard.612@example.com,13,1,2025-08-14T15:12:32Z
613,Alex,Bernard,alex.bernard.613@example.com,30,1,2025-03-09T15:12:32Z
614,Yara,Lopez,yara.lopez.614@example.com,141,1,2025-06-01T15:12:32Z
615,Sofia,Lefevre,sofia.lefevre.615@example.com,3,1,2025-05-07T15:12:32Z
616,Ethan,Durand,ethan.durand.616@example.com,134,1,2025-05-23T15:12:32Z
617,Kenza,Lefevre,kenza.lefevre.617@example.com,27,1,2025-01-20T15:12:32Z
618,Kenza,Durand,kenza.durand.618@example.com,30,1,2025-08-15T15:12:32Z
619,Sofia,Fournier,sofia.fournier.619@example.com,52,1,2025-05-27T15:12:32Z
620,Adam,Fournier,adam.fournier.620@example.com,105,1,2025-05-10T15:12:32Z
621,Maya,Bernard,maya.bernard.621@example.com,128,1,2025-06-24T15:12:32Z
622,Sofia,Petit,sofia.petit.622@example.com,1,1,2025-10-02T15:12:32Z
623,Chris,Durand,chris.durand.623@example.com,127,1,2025-07-24T15:12:32Z
624,Chris,Muller,chris.muller.624@example.com,26,1,2025-05-30T15:12:32Z
625,Emma,Renard,emma.renard.625@example.com,68,1,2025-02-13T15:12:32Z
626,Sam,Durand,sam.durand.626@example.com,11,1,2025-05-13T15:12:32Z
627,Mila,Petit,mila.petit.627@example.com,30,1,2025-08-21T15:12:32Z
628,Sam,Martin,sam.martin.628@example.com,44,1,2025-04-23T15:12:32Z
629,Mila,Renard,mila.renard.629@example.com,69,1,2025-08-22T15:12:32Z
630,Mila,Petit,mila.petit.630@example.com,30,1,2025-03-17T15:12:32Z
631,Zoe,Renard,zoe.renard.631@example.com,99,1,2025-02-06T15:12:32Z
632,Ethan,Moreau,ethan.moreau.632@example.com,34,1,2025-09-08T15:12:32Z
633,Maya,Durand,maya.durand.633@example.com,124,1,2024-12-21T15:12:32Z
634,Yara,Moreau,yara.moreau.634@example.com,98,1,2025-04-08T15:12:32Z
635,Kenza,Martin,kenza.martin.635@example.com,34,1,2025-02-03T15:12:32Z
636,Sofia,Durand,sofia.durand.636@example.com,113,1,2025-09-15T15:12:32Z
637,Chris,Bonnet,chris.bonnet.637@example.com,81,1,2025-10-02T15:12:32Z
638,Adam,Lambert,adam.lambert.638@example.com,87,1,2025-01-16T15:12:32Z
639,Adam,Durand,adam.durand.639@example.com,64,1,2025-02-04T15:12:32Z
640,Mila,Lopez,mila.lopez.640@example.com,143,1,2024-11-29T15:12:32Z
641,Sam,Martin,sam.martin.641@example.com,41,1,2025-01-23T15:12:32Z
642,Sofia,Mercier,sofia.mercier.642@example.com,20,1,2025-01-30T15:12:32Z
643,Leo,Lambert,leo.lambert.643@example.com,72,1,2025-09-13T15:12:32Z
644,Adam,Lambert,adam.lambert.644@example.com,97,1,2025-03-16T15:12:32Z
645,Emma,Dubois,emma.dubois.645@example.com,114,1,2024-12-19T15:12:32Z
646,Yara,Dubois,yara.dubois.646@example.com,115,1,2025-04-30T15:12:32Z
647,Taylor,Mercier,taylor.mercier.647@example.com,5,1,2025-08-17T15:12:32Z
648,Zoe,Lemoine,zoe.lemoine.648@example.com,143,1,2024-12-31T15:12:32Z
649,Alex,Dubois,alex.dubois.649@example.com,78,1,2025-01-21T15:12:32Z
650,Nina,Fournier,nina.fournier.650@example.com,117,1,2025-04-17T15:12:32Z
651,Mila,Bernard,mila.bernard.651@example.com,117,1,2025-04-22T15:12:32Z
652,Nina,Mercier,nina.mercier.652@example.com,94,1,2025-02-19T15:12:32Z
653,Taylor,Durand,taylor.durand.653@example.com,57,1,2025-10-07T15:12:32Z
654,Leo,Garcia,leo.garcia.654@example.com,75,1,2025-01-01T15:12:32Z
655,Adam,Garcia,adam.garcia.655@example.com,28,1,2025-09-15T15:12:32Z
656,Maya,Mercier,maya.mercier.656@example.com,105,1,2025-08-15T15:12:32Z
657,Noah,Fournier,noah.fournier.657@example.com,31,1,2025-03-21T15:12:32Z
658,Liam,Renard,liam.renard.658@example.com,87,1,2025-08-14T15:12:32Z
659,Ethan,Bernard,ethan.bernard.659@example.com,32,1,2025-02-20T15:12:32Z
660,Yara,Muller,yara.muller.660@example.com,128,1,2025-10-06T15:12:32Z
661,Adam,Bernard,adam.bernard.661@example.com,111,1,2024-12-13T15:12:32Z
662,Sofia,Muller,sofia.muller.662@example.com,149,1,2025-07-12T15:12:32Z
663,Jordan,Durand,jordan.durand.663@example.com,83,1,2025-01-23T15:12:32Z
664,Zoe,Lemoine,zoe.lemoine.664@example.com,64,1,2025-05-21T15:12:32Z
665,Zoe,Petit,zoe.petit.665@example.com,116,1,2025-08-01T15:12:32Z
666,Jordan,Lemoine,jordan.lemoine.666@example.com,132,1,2025-05-08T15:12:32Z
667,Nina,Petit,nina.petit.667@example.com,142,1,2024-11-19T15:12:32Z
668,Liam,Fournier,liam.fournier.668@example.com,75,1,2025-04-15T15:12:32Z
669,Jordan,Moreau,jordan.moreau.669@example.com,139,1,2024-11-16T15:12:32Z
670,Leo,Durand,leo.durand.670@example.com,144,1,2025-02-05T15:12:32Z
671,Hugo,Lemoine,hugo.lemoine.671@example.com,137,1,2025-05-15T15:12:32Z
672,Ethan,Martin,ethan.martin.672@example.com,28,1,2025-09-26T15:12:32Z
673,Zoe,Lefevre,zoe.lefevre.673@example.com,15,1,2025-06-28T15:12:32Z
674,Noah,Moreau,noah.moreau.674@example.com,65,1,2025-07-26T15:12:32Z
675,Sam,Rousseau,sam.rousseau.675@example.com,139,1,2025-09-22T15:12:32Z
676,Mila,Renard,mila.renard.676@example.com,144,1,2025-06-16T15:12:32Z
677,Nina,Lopez,nina.lopez.677@example.com,131,1,2025-05-14T15:12:32Z
678,Sam,Lopez,sam.lopez.678@example.com,107,1,2025-05-01T15:12:32Z
679,Nina,Bernard,nina.bernard.679@example.com,65,1,2025-06-27T15:12:32Z
680,Kenza,Renard,kenza.renard.680@example.com,95,1,2024-12-11T15:12:32Z
681,Nina,Fournier,nina.fournier.681@example.com,50,1,2025-05-11T15:12:32Z
682,Yara,Moreau,yara.moreau.682@example.com,20,1,2025-07-05T15:12:32Z
683,Maya,Muller,maya.muller.683@example.com,97,1,2025-09-18T15:12:32Z
684,Ethan,Bonnet,ethan.bonnet.684@example.com,68,1,2025-08-03T15:12:32Z
685,Maya,Bonnet,maya.bonnet.685@example.com,85,1,2025-02-12T15:12:32Z
686,Jordan,Bernard,jordan.bernard.686@example.com,83,1,2024-12-07T15:12:32Z
687,Sam,Rousseau,sam.rousseau.687@example.com,147,1,2024-12-31T15:12:32Z
688,Mila,Dubois,mila.dubois.688@example.com,82,1,2025-01-12T15:12:32Z
689,Emma,Moreau,emma.moreau.689@example.com,18,1,2025-01-23T15:12:32Z
690,Maya,Lemoine,maya.lemoine.690@example.com,138,1,2025-03-16T15:12:32Z
691,Chris,Garcia,chris.garcia.691@example.com,55,1,2025-04-22T15:12:32Z
692,Leo,Garcia,leo.garcia.692@example.com,56,1,2024-11-26T15:12:32Z
693,Adam,Mercier,adam.mercier.693@example.com,3,1,2025-08-11T15:12:32Z
694,Mila,Renard,mila.renard.694@example.com,63,1,2025-09-18T15:12:32Z
695,Leo,Lopez,leo.lopez.695@example.com,99,1,2025-05-30T15:12:32Z
696,Nina,Rousseau,nina.rousseau.696@example.com,133,1,2025-03-31T15:12:32Z
697,Adam,Muller,adam.muller.697@example.com,125,1,2025-09-16T15:12:32Z
698,Olivia,Fournier,olivia.fournier.698@example.com,132,1,2025-08-27T15:12:32Z
699,Taylor,Moreau,taylor.moreau.699@example.com,137,1,2025-10-05T15:12:32Z
700,Chris,Fournier,chris.fournier.700@example.com,55,1,2025-03-05T15:12:32Z
701,Taylor,Fournier,taylor.fournier.701@example.com,112,1,2024-11-11T15:12:32Z
702,Chris,Lefevre,chris.lefevre.702@example.com,118,1,2025-04-22T15:12:32Z
703,Sam,Dubois,sam.dubois.703@example.com,14,1,2025-07-09T15:12:32Z
704,Noah,Boyer,noah.boyer.704@example.com,148,1,2025-06-14T15:12:32Z
705,Noah,Lemoine,noah.lemoine.705@example.com,116,1,2024-11-20T15:12:32Z
706,Zoe,Lemoine,zoe.lemoine.706@example.com,5,1,2025-03-23T15:12:32Z
707,Taylor,Boyer,taylor.boyer.707@example.com,17,1,2024-12-13T15:12:32Z
708,Sam,Dubois,sam.dubois.708@example.com,129,1,2025-08-15T15:12:32Z
709,Olivia,Rousseau,olivia.rousseau.709@example.com,23,1,2025-05-17T15:12:32Z
710,Yara,Lopez,yara.lopez.710@example.com,8,1,2025-02-08T15:12:32Z
711,Maya,Boyer,maya.boyer.711@example.com,35,1,2025-03-22T15:12:32Z
712,Nina,Rousseau,nina.rousseau.712@example.com,37,1,2025-05-09T15:12:32Z
713,Mila,Martin,mila.martin.713@example.com,143,1,2025-07-28T15:12:32Z
714,Taylor,Bernard,taylor.bernard.714@example.com,147,1,2024-12-07T15:12:32Z
715,Zoe,Boyer,zoe.boyer.715@example.com,22,1,2025-05-05T15:12:32Z
716,Liam,Garcia,liam.garcia.716@example.com,106,1,2024-11-12T15:12:32Z
717,Adam,Lefevre,adam.lefevre.717@example.com,48,1,2025-06-17T15:12:32Z
718,Kenza,Bonnet,kenza.bonnet.718@example.com,30,1,2025-07-08T15:12:32Z
719,Hugo,Bernard,hugo.bernard.719@example.com,119,1,2024-11-12T15:12:32Z
720,Nina,Dubois,nina.dubois.720@example.com,18,1,2025-06-02T15:12:32Z
721,Taylor,Fournier,taylor.fournier.721@example.com,149,1,2025-02-01T15:12:32Z
722,Leo,Garcia,leo.garcia.722@example.com,61,1,2025-08-18T15:12:32Z
723,Olivia,Dubois,olivia.dubois.723@example.com,82,1,2025-02-02T15:12:32Z
724,Yara,Petit,yara.petit.724@example.com,79,1,2024-12-13T15:12:32Z
725,Jordan,Garcia,jordan.garcia.725@example.com,110,1,2025-07-14T15:12:32Z
726,Alex,Petit,alex.petit.726@example.com,57,1,2024-11-14T15:12:32Z
727,Ethan,Bonnet,ethan.bonnet.727@example.com,35,1,2025-04-22T15:12:32Z
728,Sofia,Renard,sofia.renard.728@example.com,92,1,2025-05-05T15:12:32Z
729,Sofia,Boyer,sofia.boyer.729@example.com,45,1,2024-11-12T15:12:32Z
730,Kenza,Dubois,kenza.dubois.730@example.com,36,1,2025-01-06T15:12:32Z
731,Liam,Bonnet,liam.bonnet.731@example.com,20,1,2025-08-31T15:12:32Z
732,Alex,Muller,alex.muller.732@example.com,8,1,2024-12-15T15:12:32Z
733,Hugo,Lopez,hugo.lopez.733@example.com,55,1,2025-09-20T15:12:32Z
734,Nina,Bonnet,nina.bonnet.734@example.com,139,1,2025-02-09T15:12:32Z
735,Jordan,Garcia,jordan.garcia.735@example.com,58,1,2024-12-11T15:12:32Z
736,Olivia,Lefevre,olivia.lefevre.736@example.com,129,1,2025-01-20T15:12:32Z
737,Chris,Lopez,chris.lopez.737@example.com,129,1,2025-10-03T15:12:32Z
738,Emma,Moreau,emma.moreau.738@example.com,36,1,2025-02-22T15:12:32Z
739,Maya,Moreau,maya.moreau.739@example.com,145,1,2025-07-26T15:12:32Z
740,Sofia,Garcia,sofia.garcia.740@example.com,57,1,2025-02-01T15:12:32Z
741,Emma,Dubois,emma.dubois.741@example.com,95,1,2025-06-11T15:12:32Z
742,Sam,Fournier,sam.fournier.742@example.com,93,1,2025-03-24T15:12:32Z
743,Sofia,Renard,sofia.renard.743@example.com,11,1,2024-11-10T15:12:32Z
744,Leo,Durand,leo.durand.744@example.com,134,1,2024-11-18T15:12:32Z
745,Noah,Bonnet,noah.bonnet.745@example.com,140,1,2024-12-21T15:12:32Z
746,Maya,Lopez,maya.lopez.746@example.com,97,1,2025-04-04T15:12:32Z
747,Hugo,Dubois,hugo.dubois.747@example.com,65,1,2025-03-30T15:12:32Z
748,Emma,Muller,emma.muller.748@example.com,91,1,2025-04-15T15:12:32Z
749,Sofia,Mercier,sofia.mercier.749@example.com,2,1,2025-01-25T15:12:32Z
750,Jordan,Renard,jordan.renard.750@example.com,59,1,2025-08-30T15:12:32Z
751,Adam,Bonnet,adam.bonnet.751@example.com,39,1,2025-07-05T15:12:32Z
752,Maya,Garcia,maya.garcia.752@example.com,31,1,2025-06-13T15:12:32Z
753,Ethan,Petit,ethan.petit.753@example.com,30,1,2025-02-04T15:12:32Z
754,Sofia,Mercier,sofia.mercier.754@example.com,42,1,2024-11-11T15:12:32Z
755,Ethan,Martin,ethan.martin.755@example.com,12,1,2025-08-04T15:12:32Z
756,Hugo,Moreau,hugo.moreau.756@example.com,132,1,2025-09-18T15:12:32Z
757,Hugo,Lefevre,hugo.lefevre.757@example.com,43,1,2025-05-29T15:12:32Z
758,Maya,Muller,maya.muller.758@example.com,145,1,2024-11-16T15:12:32Z
759,Alex,Rousseau,alex.rousseau.759@example.com,56,1,2025-02-21T15:12:32Z
760,Kenza,Mercier,kenza.mercier.760@example.com,44,1,2025-06-18T15:12:32Z
761,Ethan,Lefevre,ethan.lefevre.761@example.com,47,1,2024-11-23T15:12:32Z
762,Adam,Bonnet,adam.bonnet.762@example.com,88,1,2025-02-18T15:12:32Z
763,Kenza,Dubois,kenza.dubois.763@example.com,97,1,2025-03-25T15:12:32Z
764,Jordan,Durand,jordan.durand.764@example.com,52,1,2025-01-14T15:12:32Z
765,Adam,Lemoine,adam.lemoine.765@example.com,25,1,2025-07-10T15:12:32Z
766,Sofia,Bernard,sofia.bernard.766@example.com,129,1,2025-08-09T15:12:32Z
767,Chris,Mercier,chris.mercier.767@example.com,34,1,2024-12-04T15:12:32Z
768,Nina,Martin,nina.martin.768@example.com,111,1,2025-01-14T15:12:32Z
769,Ethan,Garcia,ethan.garcia.769@example.com,136,1,2025-03-03T15:12:32Z
770,Emma,Mercier,emma.mercier.770@example.com,90,1,2024-12-11T15:12:32Z
771,Hugo,Durand,hugo.durand.771@example.com,35,1,2025-05-31T15:12:32Z
772,Sofia,Lambert,sofia.lambert.772@example.com,73,1,2024-12-06T15:12:32Z
773,Nina,Lemoine,nina.lemoine.773@example.com,49,1,2025-10-06T15:12:32Z
774,Alex,Muller,alex.muller.774@example.com,134,1,2025-10-05T15:12:32Z
775,Zoe,Fournier,zoe.fournier.775@example.com,81,1,2025-03-13T15:12:32Z
776,Mila,Durand,mila.durand.776@example.com,110,1,2024-11-09T15:12:32Z
777,Hugo,Bonnet,hugo.bonnet.777@example.com,138,1,2025-03-06T15:12:32Z
778,Hugo,Garcia,hugo.garcia.778@example.com,71,1,2025-03-19T15:12:32Z
779,Liam,Lemoine,liam.lemoine.779@example.com,143,1,2025-02-03T15:12:32Z
780,Maya,Garcia,maya.garcia.780@example.com,143,1,2025-02-03T15:12:32Z
781,Noah,Rousseau,noah.rousseau.781@example.com,89,1,2025-03-19T15:12:32Z
782,Jordan,Durand,jordan.durand.782@example.com,59,1,2025-02-22T15:12:32Z
783,Maya,Durand,maya.durand.783@example.com,131,1,2025-03-17T15:12:32Z
784,Leo,Boyer,leo.boyer.784@example.com,14,1,2025-07-18T15:12:32Z
785,Zoe,Martin,zoe.martin.785@example.com,38,1,2025-02-09T15:12:32Z
786,Kenza,Lemoine,kenza.lemoine.786@example.com,17,1,2025-05-27T15:12:32Z
787,Emma,Garcia,emma.garcia.787@example.com,10,1,2025-03-26T15:12:32Z
788,Zoe,Muller,zoe.muller.788@example.com,15,1,2025-07-11T15:12:32Z
789,Sofia,Renard,sofia.renard.789@example.com,52,1,2025-01-16T15:12:32Z
790,Olivia,Fournier,olivia.fournier.790@example.com,131,1,2025-01-17T15:12:32Z
791,Emma,Moreau,emma.moreau.791@example.com,10,1,2025-04-07T15:12:32Z
792,Emma,Martin,emma.martin.792@example.com,23,1,2025-05-20T15:12:32Z
793,Zoe,Garcia,zoe.garcia.793@example.com,102,1,2025-03-15T15:12:32Z
794,Hugo,Fournier,hugo.fournier.794@example.com,4,1,2025-09-03T15:12:32Z
795,Chris,Boyer,chris.boyer.795@example.com,144,1,2024-12-14T15:12:32Z
796,Mila,Garcia,mila.garcia.796@example.com,58,1,2024-12-02T15:12:32Z
797,Liam,Renard,liam.renard.797@example.com,148,1,2025-10-06T15:12:32Z
798,Noah,Moreau,noah.moreau.798@example.com,130,1,2025-08-15T15:12:32Z
799,Nina,Dubois,nina.dubois.799@example.com,76,1,2025-04-17T15:12:32Z
800,Taylor,Muller,taylor.muller.800@example.com,138,1,2024-12-18T15:12:32Z
801,Noah,Renard,noah.renard.801@example.com,145,1,2025-02-03T15:12:32Z
802,Emma,Petit,emma.petit.802@example.com,118,1,2024-12-12T15:12:32Z
803,Alex,Mercier,alex.mercier.803@example.com,67,1,2025-09-04T15:12:32Z
804,Zoe,Lambert,zoe.lambert.804@example.com,59,1,2025-04-30T15:12:32Z
805,Ethan,Garcia,ethan.garcia.805@example.com,138,1,2025-10-04T15:12:32Z
806,Noah,Lambert,noah.lambert.806@example.com,24,1,2025-03-18T15:12:32Z
807,Leo,Dubois,leo.dubois.807@example.com,46,1,2025-02-07T15:12:32Z
808,Leo,Garcia,leo.garcia.808@example.com,147,1,2025-05-24T15:12:32Z
809,Maya,Fournier,maya.fournier.809@example.com,52,1,2025-06-10T15:12:32Z
810,Emma,Bonnet,emma.bonnet.810@example.com,59,1,2025-06-27T15:12:32Z
811,Emma,Garcia,emma.garcia.811@example.com,28,1,2025-08-08T15:12:32Z
812,Chris,Mercier,chris.mercier.812@example.com,2,1,2025-01-04T15:12:32Z
813,Sam,Mercier,sam.mercier.813@example.com,81,1,2025-01-29T15:12:32Z
814,Hugo,Bonnet,hugo.bonnet.814@example.com,47,1,2025-01-20T15:12:32Z
815,Noah,Lopez,noah.lopez.815@example.com,148,1,2025-08-04T15:12:32Z
816,Sam,Muller,sam.muller.816@example.com,123,1,2025-01-05T15:12:32Z
817,Sam,Muller,sam.muller.817@example.com,101,1,2025-07-11T15:12:32Z
818,Yara,Durand,yara.durand.818@example.com,133,1,2025-02-15T15:12:32Z
819,Leo,Martin,leo.martin.819@example.com,54,1,2025-03-28T15:12:32Z
820,Hugo,Durand,hugo.durand.820@example.com,93,1,2024-11-29T15:12:32Z
821,Noah,Moreau,noah.moreau.821@example.com,68,1,2025-06-09T15:12:32Z
822,Noah,Mercier,noah.mercier.822@example.com,88,1,2025-04-04T15:12:32Z
823,Maya,Mercier,maya.mercier.823@example.com,54,1,2025-03-08T15:12:32Z
824,Mila,Garcia,mila.garcia.824@example.com,72,1,2025-02-20T15:12:32Z
825,Maya,Lefevre,maya.lefevre.825@example.com,59,1,2025-08-18T15:12:32Z
826,Noah,Lambert,noah.lambert.826@example.com,111,1,2025-03-27T15:12:32Z
827,Liam,Lefevre,liam.lefevre.827@example.com,39,1,2025-02-08T15:12:32Z
828,Alex,Moreau,alex.moreau.828@example.com,128,1,2025-08-01T15:12:32Z
829,Adam,Boyer,adam.boyer.829@example.com,81,1,2025-02-01T15:12:32Z
830,Olivia,Bonnet,olivia.bonnet.830@example.com,146,1,2025-09-14T15:12:32Z
831,Zoe,Durand,zoe.durand.831@example.com,42,1,2025-09-08T15:12:32Z
832,Liam,Bonnet,liam.bonnet.832@example.com,25,1,2025-02-20T15:12:32Z
833,Leo,Bonnet,leo.bonnet.833@example.com,93,1,2024-12-26T15:12:32Z
834,Nina,Bonnet,nina.bonnet.834@example.com,6,1,2025-03-12T15:12:32Z
835,Taylor,Garcia,taylor.garcia.835@example.com,51,1,2024-12-17T15:12:32Z
836,Hugo,Boyer,hugo.boyer.836@example.com,73,1,2025-04-10T15:12:32Z
837,Leo,Muller,leo.muller.837@example.com,115,1,2025-08-29T15:12:32Z
838,Zoe,Rousseau,zoe.rousseau.838@example.com,38,1,2025-07-15T15:12:32Z
839,Leo,Lemoine,leo.lemoine.839@example.com,147,1,2025-03-15T15:12:32Z
840,Chris,Dubois,chris.dubois.840@example.com,88,1,2025-06-14T15:12:32Z
841,Leo,Petit,leo.petit.841@example.com,75,1,2025-05-25T15:12:32Z
842,Kenza,Lopez,kenza.lopez.842@example.com,114,1,2025-04-06T15:12:32Z
843,Hugo,Muller,hugo.muller.843@example.com,106,1,2025-07-15T15:12:32Z
844,Maya,Martin,maya.martin.844@example.com,61,1,2025-06-02T15:12:32Z
845,Chris,Fournier,chris.fournier.845@example.com,102,1,2025-08-17T15:12:32Z
846,Taylor,Dubois,taylor.dubois.846@example.com,141,1,2025-09-11T15:12:32Z
847,Alex,Lopez,alex.lopez.847@example.com,22,1,2025-08-16T15:12:32Z
848,Noah,Lefevre,noah.lefevre.848@example.com,100,1,2025-05-03T15:12:32Z
849,Emma,Lambert,emma.lambert.849@example.com,73,1,2025-02-24T15:12:32Z
850,Jordan,Lefevre,jordan.lefevre.850@example.com,44,1,2025-09-24T15:12:32Z
851,Sam,Garcia,sam.garcia.851@example.com,122,1,2025-02-11T15:12:32Z
852,Nina,Bonnet,nina.bonnet.852@example.com,114,1,2025-07-31T15:12:32Z
853,Nina,Moreau,nina.moreau.853@example.com,117,1,2024-11-19T15:12:32Z
854,Hugo,Lemoine,hugo.lemoine.854@example.com,137,1,2025-05-03T15:12:32Z
855,Mila,Mercier,mila.mercier.855@example.com,59,1,2025-08-24T15:12:32Z
856,Yara,Rousseau,yara.rousseau.856@example.com,106,1,2025-05-28T15:12:32Z
857,Jordan,Rousseau,jordan.rousseau.857@example.com,1,1,2025-01-14T15:12:32Z
858,Jordan,Garcia,jordan.garcia.858@example.com,121,1,2025-01-08T15:12:32Z
859,Alex,Mercier,alex.mercier.859@example.com,77,1,2025-10-04T15:12:32Z
860,Ethan,Rousseau,ethan.rousseau.860@example.com,60,1,2025-10-05T15:12:32Z
861,Nina,Garcia,nina.garcia.861@example.com,106,1,2024-12-25T15:12:32Z
862,Ethan,Lopez,ethan.lopez.862@example.com,42,1,2024-11-12T15:12:32Z
863,Zoe,Lopez,zoe.lopez.863@example.com,68,1,2025-08-29T15:12:32Z
864,Ethan,Lambert,ethan.lambert.864@example.com,70,1,2025-05-16T15:12:32Z
865,Nina,Bonnet,nina.bonnet.865@example.com,49,1,2025-09-03T15:12:32Z
866,Maya,Lefevre,maya.lefevre.866@example.com,29,1,2024-11-16T15:12:32Z
867,Yara,Renard,yara.renard.867@example.com,126,1,2025-07-04T15:12:32Z
868,Leo,Martin,leo.martin.868@example.com,13,1,2025-01-08T15:12:32Z
869,Alex,Moreau,alex.moreau.869@example.com,73,1,2025-05-24T15:12:32Z
870,Jordan,Renard,jordan.renard.870@example.com,3,1,2025-06-11T15:12:32Z
871,Chris,Lefevre,chris.lefevre.871@example.com,127,1,2025-06-19T15:12:32Z
872,Leo,Lemoine,leo.lemoine.872@example.com,128,1,2025-04-01T15:12:32Z
873,Yara,Bernard,yara.bernard.873@example.com,21,1,2025-07-26T15:12:32Z
874,Sam,Bonnet,sam.bonnet.874@example.com,19,1,2025-01-03T15:12:32Z
875,Sofia,Moreau,sofia.moreau.875@example.com,65,1,2025-03-27T15:12:32Z
876,Alex,Durand,alex.durand.876@example.com,64,1,2025-03-25T15:12:32Z
877,Yara,Lambert,yara.lambert.877@example.com,9,1,2025-06-29T15:12:32Z
878,Yara,Durand,yara.durand.878@example.com,54,1,2025-02-08T15:12:32Z
879,Zoe,Rousseau,zoe.rousseau.879@example.com,41,1,2024-11-20T15:12:32Z
880,Sam,Boyer,sam.boyer.880@example.com,32,1,2025-06-01T15:12:32Z
881,Sofia,Rousseau,sofia.rousseau.881@example.com,93,1,2025-09-12T15:12:32Z
882,Liam,Durand,liam.durand.882@example.com,112,1,2025-04-25T15:12:32Z
883,Alex,Moreau,alex.moreau.883@example.com,150,1,2025-08-08T15:12:32Z
884,Zoe,Lambert,zoe.lambert.884@example.com,11,1,2024-12-15T15:12:32Z
885,Sofia,Lefevre,sofia.lefevre.885@example.com,23,1,2025-06-03T15:12:32Z
886,Maya,Mercier,maya.mercier.886@example.com,87,1,2024-11-22T15:12:32Z
887,Sam,Bernard,sam.bernard.887@example.com,40,1,2025-01-07T15:12:32Z
888,Taylor,Lefevre,taylor.lefevre.888@example.com,60,1,2025-04-29T15:12:32Z
889,Nina,Garcia,nina.garcia.889@example.com,50,1,2025-09-28T15:12:32Z
890,Zoe,Garcia,zoe.garcia.890@example.com,35,1,2025-06-02T15:12:32Z
891,Sam,Mercier,sam.mercier.891@example.com,113,1,2024-12-26T15:12:32Z
892,Olivia,Boyer,olivia.boyer.892@example.com,126,1,2025-07-03T15:12:32Z
893,Hugo,Moreau,hugo.moreau.893@example.com,90,1,2025-04-26T15:12:32Z
894,Yara,Bonnet,yara.bonnet.894@example.com,142,1,2025-07-18T15:12:32Z
895,Chris,Muller,chris.muller.895@example.com,116,1,2025-05-10T15:12:32Z
896,Noah,Boyer,noah.boyer.896@example.com,117,1,2025-10-08T15:12:32Z
897,Adam,Lopez,adam.lopez.897@example.com,48,1,2025-09-29T15:12:32Z
898,Kenza,Garcia,kenza.garcia.898@example.com,62,1,2025-04-27T15:12:32Z
899,Chris,Boyer,chris.boyer.899@example.com,49,1,2025-01-13T15:12:32Z
900,Sofia,Boyer,sofia.boyer.900@example.com,73,1,2025-04-26T15:12:32Z
901,Ethan,Petit,ethan.petit.901@example.com,25,1,2025-01-14T15:12:32Z
902,Chris,Bernard,chris.bernard.902@example.com,46,1,2025-09-22T15:12:32Z
903,Liam,Durand,liam.durand.903@example.com,50,1,2025-08-19T15:12:32Z
904,Sam,Lopez,sam.lopez.904@example.com,126,1,2025-01-12T15:12:32Z
905,Kenza,Bonnet,kenza.bonnet.905@example.com,94,1,2025-06-17T15:12:32Z
906,Kenza,Dubois,kenza.dubois.906@example.com,54,1,2024-11-07T15:12:32Z
907,Sofia,Dubois,sofia.dubois.907@example.com,16,1,2025-04-07T15:12:32Z
908,Nina,Lemoine,nina.lemoine.908@example.com,15,1,2024-11-27T15:12:32Z
909,Noah,Muller,noah.muller.909@example.com,19,1,2025-05-06T15:12:32Z
910,Chris,Fournier,chris.fournier.910@example.com,25,1,2025-08-18T15:12:32Z
911,Emma,Boyer,emma.boyer.911@example.com,49,1,2025-07-02T15:12:32Z
912,Adam,Lambert,adam.lambert.912@example.com,46,1,2024-12-27T15:12:32Z
913,Nina,Lemoine,nina.lemoine.913@example.com,28,1,2024-11-16T15:12:32Z
914,Hugo,Garcia,hugo.garcia.914@example.com,118,1,2025-03-04T15:12:32Z
915,Taylor,Moreau,taylor.moreau.915@example.com,141,1,2025-03-17T15:12:32Z
916,Adam,Petit,adam.petit.916@example.com,41,1,2025-01-08T15:12:32Z
917,Kenza,Renard,kenza.renard.917@example.com,81,1,2024-12-31T15:12:32Z
918,Leo,Garcia,leo.garcia.918@example.com,111,1,2025-04-26T15:12:32Z
919,Kenza,Lambert,kenza.lambert.919@example.com,140,1,2025-06-21T15:12:32Z
920,Zoe,Boyer,zoe.boyer.920@example.com,66,1,2025-04-07T15:12:32Z
921,Yara,Renard,yara.renard.921@example.com,1,1,2025-09-21T15:12:32Z
922,Olivia,Martin,olivia.martin.922@example.com,35,1,2025-05-07T15:12:32Z
923,Alex,Rousseau,alex.rousseau.923@example.com,55,1,2025-04-30T15:12:32Z
924,Alex,Bonnet,alex.bonnet.924@example.com,131,1,2024-12-28T15:12:32Z
925,Hugo,Lefevre,hugo.lefevre.925@example.com,10,1,2025-02-15T15:12:32Z
926,Mila,Lefevre,mila.lefevre.926@example.com,68,1,2025-04-04T15:12:32Z
927,Hugo,Lambert,hugo.lambert.927@example.com,66,1,2025-05-08T15:12:32Z
928,Chris,Lopez,chris.lopez.928@example.com,56,1,2025-08-30T15:12:32Z
929,Leo,Mercier,leo.mercier.929@example.com,125,1,2024-12-17T15:12:32Z
930,Taylor,Rousseau,taylor.rousseau.930@example.com,148,1,2025-03-27T15:12:32Z
931,Chris,Bernard,chris.bernard.931@example.com,90,1,2025-02-28T15:12:32Z
932,Ethan,Durand,ethan.durand.932@example.com,3,1,2024-11-18T15:12:32Z
933,Zoe,Bernard,zoe.bernard.933@example.com,135,1,2025-09-17T15:12:32Z
934,Leo,Boyer,leo.boyer.934@example.com,39,1,2025-04-24T15:12:32Z
935,Adam,Lambert,adam.lambert.935@example.com,13,1,2025-03-21T15:12:32Z
936,Yara,Muller,yara.muller.936@example.com,57,1,2025-03-01T15:12:32Z
937,Olivia,Lopez,olivia.lopez.937@example.com,34,1,2025-04-19T15:12:32Z
938,Chris,Mercier,chris.mercier.938@example.com,13,1,2025-01-01T15:12:32Z
939,Zoe,Bonnet,zoe.bonnet.939@example.com,103,1,2025-01-25T15:12:32Z
940,Ethan,Lefevre,ethan.lefevre.940@example.com,124,1,2024-12-26T15:12:32Z
941,Liam,Mercier,liam.mercier.941@example.com,147,1,2025-06-30T15:12:32Z
942,Nina,Muller,nina.muller.942@example.com,63,1,2025-09-02T15:12:32Z
943,Noah,Lemoine,noah.lemoine.943@example.com,148,1,2025-08-24T15:12:32Z
944,Taylor,Lemoine,taylor.lemoine.944@example.com,94,1,2025-04-13T15:12:32Z
945,Liam,Petit,liam.petit.945@example.com,7,1,2025-05-05T15:12:32Z
946,Maya,Garcia,maya.garcia.946@example.com,114,1,2024-11-23T15:12:32Z
947,Jordan,Renard,jordan.renard.947@example.com,60,1,2025-06-28T15:12:32Z
948,Mila,Lefevre,mila.lefevre.948@example.com,22,1,2025-08-12T15:12:32Z
949,Sam,Lambert,sam.lambert.949@example.com,38,1,2025-05-14T15:12:32Z
950,Alex,Petit,alex.petit.950@example.com,29,1,2025-05-05T15:12:32Z
951,Yara,Mercier,yara.mercier.951@example.com,85,1,2025-06-23T15:12:32Z
952,Nina,Fournier,nina.fournier.952@example.com,140,1,2025-01-14T15:12:32Z
953,Noah,Boyer,noah.boyer.953@example.com,37,1,2025-09-29T15:12:32Z
954,Zoe,Muller,zoe.muller.954@example.com,66,1,2025-07-13T15:12:32Z
955,Sam,Rousseau,sam.rousseau.955@example.com,70,1,2025-09-11T15:12:32Z
956,Yara,Martin,yara.martin.956@example.com,100,1,2025-05-23T15:12:32Z
957,Mila,Durand,mila.durand.957@example.com,75,1,2024-11-10T15:12:32Z
958,Zoe,Lambert,zoe.lambert.958@example.com,131,1,2025-08-19T15:12:32Z
959,Leo,Mercier,leo.mercier.959@example.com,137,1,2025-08-24T15:12:32Z
960,Maya,Fournier,maya.fournier.960@example.com,118,1,2024-12-25T15:12:32Z
961,Alex,Bernard,alex.bernard.961@example.com,136,1,2025-05-05T15:12:32Z
962,Leo,Mercier,leo.mercier.962@example.com,41,1,2025-09-29T15:12:32Z
963,Mila,Garcia,mila.garcia.963@example.com,78,1,2025-06-10T15:12:32Z
964,Adam,Bonnet,adam.bonnet.964@example.com,66,1,2025-03-24T15:12:32Z
965,Alex,Boyer,alex.boyer.965@example.com,58,1,2025-07-23T15:12:32Z
966,Leo,Lopez,leo.lopez.966@example.com,36,1,2025-08-25T15:12:32Z
967,Zoe,Muller,zoe.muller.967@example.com,59,1,2025-03-09T15:12:32Z
968,Emma,Lefevre,emma.lefevre.968@example.com,80,1,2024-12-03T15:12:32Z
969,Leo,Renard,leo.renard.969@example.com,34,1,2025-06-25T15:12:32Z
970,Jordan,Boyer,jordan.boyer.970@example.com,52,1,2025-07-30T15:12:32Z
971,Olivia,Muller,olivia.muller.971@example.com,111,1,2025-07-26T15:12:32Z
972,Hugo,Moreau,hugo.moreau.972@example.com,18,1,2024-12-27T15:12:32Z
973,Nina,Durand,nina.durand.973@example.com,82,1,2025-07-26T15:12:32Z
974,Alex,Petit,alex.petit.974@example.com,106,1,2025-05-06T15:12:32Z
975,Yara,Bonnet,yara.bonnet.975@example.com,49,1,2025-08-15T15:12:32Z
976,Jordan,Moreau,jordan.moreau.976@example.com,69,1,2024-12-02T15:12:32Z
977,Hugo,Lambert,hugo.lambert.977@example.com,60,1,2025-06-12T15:12:32Z
978,Alex,Garcia,alex.garcia.978@example.com,123,1,2025-08-01T15:12:32Z
979,Adam,Mercier,adam.mercier.979@example.com,96,1,2025-07-06T15:12:32Z
980,Zoe,Mercier,zoe.mercier.980@example.com,36,1,2025-07-17T15:12:32Z
981,Liam,Lambert,liam.lambert.981@example.com,105,1,2025-10-01T15:12:32Z
982,Noah,Lemoine,noah.lemoine.982@example.com,52,1,2025-06-26T15:12:32Z
983,Chris,Moreau,chris.moreau.983@example.com,126,1,2025-04-25T15:12:32Z
984,Yara,Lambert,yara.lambert.984@example.com,104,1,2025-09-17T15:12:32Z
985,Kenza,Lopez,kenza.lopez.985@example.com,81,1,2025-03-21T15:12:32Z
986,Kenza,Boyer,kenza.boyer.986@example.com,10,1,2025-01-15T15:12:32Z
987,Taylor,Renard,taylor.renard.987@example.com,11,1,2025-06-05T15:12:32Z
988,Adam,Boyer,adam.boyer.988@example.com,11,1,2024-12-27T15:12:32Z
989,Zoe,Muller,zoe.muller.989@example.com,13,1,2025-07-03T15:12:32Z
990,Olivia,Renard,olivia.renard.990@example.com,78,1,2025-05-15T15:12:32Z
991,Yara,Moreau,yara.moreau.991@example.com,76,1,2024-11-29T15:12:32Z
992,Sam,Muller,sam.muller.992@example.com,119,1,2024-11-12T15:12:32Z
993,Yara,Dubois,yara.dubois.993@example.com,129,1,2025-08-12T15:12:32Z
994,Maya,Boyer,maya.boyer.994@example.com,101,1,2025-03-11T15:12:32Z
995,Leo,Renard,leo.renard.995@example.com,46,1,2025-02-18T15:12:32Z
996,Hugo,Fournier,hugo.fournier.996@example.com,24,1,2025-06-02T15:12:32Z
997,Leo,Moreau,leo.moreau.997@example.com,32,1,2025-08-23T15:12:32Z
998,Taylor,Renard,taylor.renard.998@example.com,93,1,2025-08-26T15:12:32Z
999,Adam,Lopez,adam.lopez.999@example.com,131,1,2024-11-29T15:12:32Z
1000,Maya,Lopez,maya.lopez.1000@example.com,98,1,2025-09-16T15:12:32Z
